2026-01-21 10:33:35,738 [Worker-5: Loading available Gradle versions] INFO  o.e.b.c.i.u.g.PublishedGradleVersions - Gradle version information cache is not available. Remote download required.
2026-01-21 10:41:09,396 [Worker-1: Loading available Gradle versions] INFO  o.e.b.c.i.u.g.PublishedGradleVersions - Gradle version information cache is up-to-date. Trying to read.
2026-01-21 16:11:25,411 [ModalContext] INFO  o.e.m.c.i.e.AbstractTransferListenerAdapter - Downloading https://repo.maven.apache.org/maven2/fr/lteconsulting/archetypes/quickstart-java8/1.0/quickstart-java8-1.0.pom
2026-01-21 16:11:25,481 [ModalContext] INFO  o.e.m.c.i.e.AbstractTransferListenerAdapter - Downloaded https://repo.maven.apache.org/maven2/fr/lteconsulting/archetypes/quickstart-java8/1.0/quickstart-java8-1.0.pom
2026-01-21 16:11:25,542 [ModalContext] INFO  o.e.m.c.i.e.AbstractTransferListenerAdapter - Downloading https://repo.maven.apache.org/maven2/fr/lteconsulting/hexa.tools/1.4/hexa.tools-1.4.pom
2026-01-21 16:11:25,599 [ModalContext] INFO  o.e.m.c.i.e.AbstractTransferListenerAdapter - Downloaded https://repo.maven.apache.org/maven2/fr/lteconsulting/hexa.tools/1.4/hexa.tools-1.4.pom
2026-01-21 16:11:25,690 [ModalContext] INFO  o.e.m.c.i.e.AbstractTransferListenerAdapter - Downloading https://repo.maven.apache.org/maven2/fr/lteconsulting/archetypes/quickstart-java8/1.0/quickstart-java8-1.0.jar
2026-01-21 16:11:25,758 [ModalContext] INFO  o.e.m.c.i.e.AbstractTransferListenerAdapter - Downloaded https://repo.maven.apache.org/maven2/fr/lteconsulting/archetypes/quickstart-java8/1.0/quickstart-java8-1.0.jar
2026-01-21 16:12:08,115 [Worker-140: Launching mavenrun-1365217e-66d4-4ebf-b3e8-8cb999be3cdf] INFO  o.eclipse.m2e.core.internal.Bundles - getClasspathEntries(Bundle=org.eclipse.m2e.maven.runtime_3.9.1101.20251020-1549 [649])
2026-01-21 16:12:08,117 [Worker-140: Launching mavenrun-1365217e-66d4-4ebf-b3e8-8cb999be3cdf] INFO  o.eclipse.m2e.core.internal.Bundles - 	Entry: C:\Yaswanth_Arrepu\Softwares\eclipse\plugins\org.eclipse.m2e.maven.runtime_3.9.1101.20251020-1549
2026-01-21 16:12:08,118 [Worker-140: Launching mavenrun-1365217e-66d4-4ebf-b3e8-8cb999be3cdf] INFO  o.eclipse.m2e.core.internal.Bundles - 	Entry: C:\Yaswanth_Arrepu\Softwares\eclipse\plugins\org.eclipse.m2e.maven.runtime_3.9.1101.20251020-1549\jars\aopalliance-1.0.jar
2026-01-21 16:12:08,118 [Worker-140: Launching mavenrun-1365217e-66d4-4ebf-b3e8-8cb999be3cdf] INFO  o.eclipse.m2e.core.internal.Bundles - 	Entry: C:\Yaswanth_Arrepu\Softwares\eclipse\plugins\org.eclipse.m2e.maven.runtime_3.9.1101.20251020-1549\jars\asm-9.8.jar
2026-01-21 16:12:08,118 [Worker-140: Launching mavenrun-1365217e-66d4-4ebf-b3e8-8cb999be3cdf] INFO  o.eclipse.m2e.core.internal.Bundles - 	Entry: C:\Yaswanth_Arrepu\Softwares\eclipse\plugins\org.eclipse.m2e.maven.runtime_3.9.1101.20251020-1549\jars\error_prone_annotations-2.38.0.jar
2026-01-21 16:12:08,119 [Worker-140: Launching mavenrun-1365217e-66d4-4ebf-b3e8-8cb999be3cdf] INFO  o.eclipse.m2e.core.internal.Bundles - 	Entry: C:\Yaswanth_Arrepu\Softwares\eclipse\plugins\org.eclipse.m2e.maven.runtime_3.9.1101.20251020-1549\jars\gson-2.13.1.jar
2026-01-21 16:12:08,119 [Worker-140: Launching mavenrun-1365217e-66d4-4ebf-b3e8-8cb999be3cdf] INFO  o.eclipse.m2e.core.internal.Bundles - 	Entry: C:\Yaswanth_Arrepu\Softwares\eclipse\plugins\org.eclipse.m2e.maven.runtime_3.9.1101.20251020-1549\jars\guice-5.1.0-classes.jar
2026-01-21 16:12:08,119 [Worker-140: Launching mavenrun-1365217e-66d4-4ebf-b3e8-8cb999be3cdf] INFO  o.eclipse.m2e.core.internal.Bundles - 	Entry: C:\Yaswanth_Arrepu\Softwares\eclipse\plugins\org.eclipse.m2e.maven.runtime_3.9.1101.20251020-1549\jars\httpclient-4.5.14.jar
2026-01-21 16:12:08,119 [Worker-140: Launching mavenrun-1365217e-66d4-4ebf-b3e8-8cb999be3cdf] INFO  o.eclipse.m2e.core.internal.Bundles - 	Entry: C:\Yaswanth_Arrepu\Softwares\eclipse\plugins\org.eclipse.m2e.maven.runtime_3.9.1101.20251020-1549\jars\httpcore-4.4.16.jar
2026-01-21 16:12:08,119 [Worker-140: Launching mavenrun-1365217e-66d4-4ebf-b3e8-8cb999be3cdf] INFO  o.eclipse.m2e.core.internal.Bundles - 	Entry: C:\Yaswanth_Arrepu\Softwares\eclipse\plugins\org.eclipse.m2e.maven.runtime_3.9.1101.20251020-1549\jars\jansi-2.4.2.jar
2026-01-21 16:12:08,119 [Worker-140: Launching mavenrun-1365217e-66d4-4ebf-b3e8-8cb999be3cdf] INFO  o.eclipse.m2e.core.internal.Bundles - 	Entry: C:\Yaswanth_Arrepu\Softwares\eclipse\plugins\org.eclipse.m2e.maven.runtime_3.9.1101.20251020-1549\jars\jcl-over-slf4j-1.7.36.jar
2026-01-21 16:12:08,119 [Worker-140: Launching mavenrun-1365217e-66d4-4ebf-b3e8-8cb999be3cdf] INFO  o.eclipse.m2e.core.internal.Bundles - 	Entry: C:\Yaswanth_Arrepu\Softwares\eclipse\plugins\org.eclipse.m2e.maven.runtime_3.9.1101.20251020-1549\jars\maven-artifact-3.9.11.jar
2026-01-21 16:12:08,119 [Worker-140: Launching mavenrun-1365217e-66d4-4ebf-b3e8-8cb999be3cdf] INFO  o.eclipse.m2e.core.internal.Bundles - 	Entry: C:\Yaswanth_Arrepu\Softwares\eclipse\plugins\org.eclipse.m2e.maven.runtime_3.9.1101.20251020-1549\jars\maven-builder-support-3.9.11.jar
2026-01-21 16:12:08,119 [Worker-140: Launching mavenrun-1365217e-66d4-4ebf-b3e8-8cb999be3cdf] INFO  o.eclipse.m2e.core.internal.Bundles - 	Entry: C:\Yaswanth_Arrepu\Softwares\eclipse\plugins\org.eclipse.m2e.maven.runtime_3.9.1101.20251020-1549\jars\maven-compat-3.9.11.jar
2026-01-21 16:12:08,119 [Worker-140: Launching mavenrun-1365217e-66d4-4ebf-b3e8-8cb999be3cdf] INFO  o.eclipse.m2e.core.internal.Bundles - 	Entry: C:\Yaswanth_Arrepu\Softwares\eclipse\plugins\org.eclipse.m2e.maven.runtime_3.9.1101.20251020-1549\jars\maven-core-3.9.11.jar
2026-01-21 16:12:08,119 [Worker-140: Launching mavenrun-1365217e-66d4-4ebf-b3e8-8cb999be3cdf] INFO  o.eclipse.m2e.core.internal.Bundles - 	Entry: C:\Yaswanth_Arrepu\Softwares\eclipse\plugins\org.eclipse.m2e.maven.runtime_3.9.1101.20251020-1549\jars\maven-embedder-3.9.11.jar
2026-01-21 16:12:08,119 [Worker-140: Launching mavenrun-1365217e-66d4-4ebf-b3e8-8cb999be3cdf] INFO  o.eclipse.m2e.core.internal.Bundles - 	Entry: C:\Yaswanth_Arrepu\Softwares\eclipse\plugins\org.eclipse.m2e.maven.runtime_3.9.1101.20251020-1549\jars\maven-model-3.9.11.jar
2026-01-21 16:12:08,119 [Worker-140: Launching mavenrun-1365217e-66d4-4ebf-b3e8-8cb999be3cdf] INFO  o.eclipse.m2e.core.internal.Bundles - 	Entry: C:\Yaswanth_Arrepu\Softwares\eclipse\plugins\org.eclipse.m2e.maven.runtime_3.9.1101.20251020-1549\jars\maven-model-builder-3.9.11.jar
2026-01-21 16:12:08,120 [Worker-140: Launching mavenrun-1365217e-66d4-4ebf-b3e8-8cb999be3cdf] INFO  o.eclipse.m2e.core.internal.Bundles - 	Entry: C:\Yaswanth_Arrepu\Softwares\eclipse\plugins\org.eclipse.m2e.maven.runtime_3.9.1101.20251020-1549\jars\maven-plugin-api-3.9.11.jar
2026-01-21 16:12:08,120 [Worker-140: Launching mavenrun-1365217e-66d4-4ebf-b3e8-8cb999be3cdf] INFO  o.eclipse.m2e.core.internal.Bundles - 	Entry: C:\Yaswanth_Arrepu\Softwares\eclipse\plugins\org.eclipse.m2e.maven.runtime_3.9.1101.20251020-1549\jars\maven-repository-metadata-3.9.11.jar
2026-01-21 16:12:08,120 [Worker-140: Launching mavenrun-1365217e-66d4-4ebf-b3e8-8cb999be3cdf] INFO  o.eclipse.m2e.core.internal.Bundles - 	Entry: C:\Yaswanth_Arrepu\Softwares\eclipse\plugins\org.eclipse.m2e.maven.runtime_3.9.1101.20251020-1549\jars\maven-resolver-api-1.9.24.jar
2026-01-21 16:12:08,120 [Worker-140: Launching mavenrun-1365217e-66d4-4ebf-b3e8-8cb999be3cdf] INFO  o.eclipse.m2e.core.internal.Bundles - 	Entry: C:\Yaswanth_Arrepu\Softwares\eclipse\plugins\org.eclipse.m2e.maven.runtime_3.9.1101.20251020-1549\jars\maven-resolver-connector-basic-1.9.24.jar
2026-01-21 16:12:08,120 [Worker-140: Launching mavenrun-1365217e-66d4-4ebf-b3e8-8cb999be3cdf] INFO  o.eclipse.m2e.core.internal.Bundles - 	Entry: C:\Yaswanth_Arrepu\Softwares\eclipse\plugins\org.eclipse.m2e.maven.runtime_3.9.1101.20251020-1549\jars\maven-resolver-impl-1.9.24.jar
2026-01-21 16:12:08,120 [Worker-140: Launching mavenrun-1365217e-66d4-4ebf-b3e8-8cb999be3cdf] INFO  o.eclipse.m2e.core.internal.Bundles - 	Entry: C:\Yaswanth_Arrepu\Softwares\eclipse\plugins\org.eclipse.m2e.maven.runtime_3.9.1101.20251020-1549\jars\maven-resolver-named-locks-1.9.24.jar
2026-01-21 16:12:08,120 [Worker-140: Launching mavenrun-1365217e-66d4-4ebf-b3e8-8cb999be3cdf] INFO  o.eclipse.m2e.core.internal.Bundles - 	Entry: C:\Yaswanth_Arrepu\Softwares\eclipse\plugins\org.eclipse.m2e.maven.runtime_3.9.1101.20251020-1549\jars\maven-resolver-provider-3.9.11.jar
2026-01-21 16:12:08,120 [Worker-140: Launching mavenrun-1365217e-66d4-4ebf-b3e8-8cb999be3cdf] INFO  o.eclipse.m2e.core.internal.Bundles - 	Entry: C:\Yaswanth_Arrepu\Softwares\eclipse\plugins\org.eclipse.m2e.maven.runtime_3.9.1101.20251020-1549\jars\maven-resolver-spi-1.9.24.jar
2026-01-21 16:12:08,120 [Worker-140: Launching mavenrun-1365217e-66d4-4ebf-b3e8-8cb999be3cdf] INFO  o.eclipse.m2e.core.internal.Bundles - 	Entry: C:\Yaswanth_Arrepu\Softwares\eclipse\plugins\org.eclipse.m2e.maven.runtime_3.9.1101.20251020-1549\jars\maven-resolver-transport-file-1.9.24.jar
2026-01-21 16:12:08,121 [Worker-140: Launching mavenrun-1365217e-66d4-4ebf-b3e8-8cb999be3cdf] INFO  o.eclipse.m2e.core.internal.Bundles - 	Entry: C:\Yaswanth_Arrepu\Softwares\eclipse\plugins\org.eclipse.m2e.maven.runtime_3.9.1101.20251020-1549\jars\maven-resolver-transport-http-1.9.24.jar
2026-01-21 16:12:08,121 [Worker-140: Launching mavenrun-1365217e-66d4-4ebf-b3e8-8cb999be3cdf] INFO  o.eclipse.m2e.core.internal.Bundles - 	Entry: C:\Yaswanth_Arrepu\Softwares\eclipse\plugins\org.eclipse.m2e.maven.runtime_3.9.1101.20251020-1549\jars\maven-resolver-transport-wagon-1.9.24.jar
2026-01-21 16:12:08,122 [Worker-140: Launching mavenrun-1365217e-66d4-4ebf-b3e8-8cb999be3cdf] INFO  o.eclipse.m2e.core.internal.Bundles - 	Entry: C:\Yaswanth_Arrepu\Softwares\eclipse\plugins\org.eclipse.m2e.maven.runtime_3.9.1101.20251020-1549\jars\maven-resolver-util-1.9.24.jar
2026-01-21 16:12:08,123 [Worker-140: Launching mavenrun-1365217e-66d4-4ebf-b3e8-8cb999be3cdf] INFO  o.eclipse.m2e.core.internal.Bundles - 	Entry: C:\Yaswanth_Arrepu\Softwares\eclipse\plugins\org.eclipse.m2e.maven.runtime_3.9.1101.20251020-1549\jars\maven-settings-3.9.11.jar
2026-01-21 16:12:08,123 [Worker-140: Launching mavenrun-1365217e-66d4-4ebf-b3e8-8cb999be3cdf] INFO  o.eclipse.m2e.core.internal.Bundles - 	Entry: C:\Yaswanth_Arrepu\Softwares\eclipse\plugins\org.eclipse.m2e.maven.runtime_3.9.1101.20251020-1549\jars\maven-settings-builder-3.9.11.jar
2026-01-21 16:12:08,124 [Worker-140: Launching mavenrun-1365217e-66d4-4ebf-b3e8-8cb999be3cdf] INFO  o.eclipse.m2e.core.internal.Bundles - 	Entry: C:\Yaswanth_Arrepu\Softwares\eclipse\plugins\org.eclipse.m2e.maven.runtime_3.9.1101.20251020-1549\jars\maven-shared-utils-3.4.2.jar
2026-01-21 16:12:08,124 [Worker-140: Launching mavenrun-1365217e-66d4-4ebf-b3e8-8cb999be3cdf] INFO  o.eclipse.m2e.core.internal.Bundles - 	Entry: C:\Yaswanth_Arrepu\Softwares\eclipse\plugins\org.eclipse.m2e.maven.runtime_3.9.1101.20251020-1549\jars\org.eclipse.sisu.inject-0.9.0.M4.jar
2026-01-21 16:12:08,124 [Worker-140: Launching mavenrun-1365217e-66d4-4ebf-b3e8-8cb999be3cdf] INFO  o.eclipse.m2e.core.internal.Bundles - 	Entry: C:\Yaswanth_Arrepu\Softwares\eclipse\plugins\org.eclipse.m2e.maven.runtime_3.9.1101.20251020-1549\jars\org.eclipse.sisu.plexus-0.9.0.M4.jar
2026-01-21 16:12:08,124 [Worker-140: Launching mavenrun-1365217e-66d4-4ebf-b3e8-8cb999be3cdf] INFO  o.eclipse.m2e.core.internal.Bundles - 	Entry: C:\Yaswanth_Arrepu\Softwares\eclipse\plugins\org.eclipse.m2e.maven.runtime_3.9.1101.20251020-1549\jars\plexus-build-api-0.0.7.jar
2026-01-21 16:12:08,124 [Worker-140: Launching mavenrun-1365217e-66d4-4ebf-b3e8-8cb999be3cdf] INFO  o.eclipse.m2e.core.internal.Bundles - 	Entry: C:\Yaswanth_Arrepu\Softwares\eclipse\plugins\org.eclipse.m2e.maven.runtime_3.9.1101.20251020-1549\jars\plexus-build-api-1.2.0.jar
2026-01-21 16:12:08,125 [Worker-140: Launching mavenrun-1365217e-66d4-4ebf-b3e8-8cb999be3cdf] INFO  o.eclipse.m2e.core.internal.Bundles - 	Entry: C:\Yaswanth_Arrepu\Softwares\eclipse\plugins\org.eclipse.m2e.maven.runtime_3.9.1101.20251020-1549\jars\plexus-cipher-2.0.jar
2026-01-21 16:12:08,125 [Worker-140: Launching mavenrun-1365217e-66d4-4ebf-b3e8-8cb999be3cdf] INFO  o.eclipse.m2e.core.internal.Bundles - 	Entry: C:\Yaswanth_Arrepu\Softwares\eclipse\plugins\org.eclipse.m2e.maven.runtime_3.9.1101.20251020-1549\jars\plexus-classworlds-2.9.0.jar
2026-01-21 16:12:08,125 [Worker-140: Launching mavenrun-1365217e-66d4-4ebf-b3e8-8cb999be3cdf] INFO  o.eclipse.m2e.core.internal.Bundles - 	Entry: C:\Yaswanth_Arrepu\Softwares\eclipse\plugins\org.eclipse.m2e.maven.runtime_3.9.1101.20251020-1549\jars\plexus-component-annotations-2.2.0.jar
2026-01-21 16:12:08,125 [Worker-140: Launching mavenrun-1365217e-66d4-4ebf-b3e8-8cb999be3cdf] INFO  o.eclipse.m2e.core.internal.Bundles - 	Entry: C:\Yaswanth_Arrepu\Softwares\eclipse\plugins\org.eclipse.m2e.maven.runtime_3.9.1101.20251020-1549\jars\plexus-interpolation-1.28.jar
2026-01-21 16:12:08,125 [Worker-140: Launching mavenrun-1365217e-66d4-4ebf-b3e8-8cb999be3cdf] INFO  o.eclipse.m2e.core.internal.Bundles - 	Entry: C:\Yaswanth_Arrepu\Softwares\eclipse\plugins\org.eclipse.m2e.maven.runtime_3.9.1101.20251020-1549\jars\plexus-sec-dispatcher-2.0.jar
2026-01-21 16:12:08,125 [Worker-140: Launching mavenrun-1365217e-66d4-4ebf-b3e8-8cb999be3cdf] INFO  o.eclipse.m2e.core.internal.Bundles - 	Entry: C:\Yaswanth_Arrepu\Softwares\eclipse\plugins\org.eclipse.m2e.maven.runtime_3.9.1101.20251020-1549\jars\plexus-utils-3.6.0.jar
2026-01-21 16:12:08,125 [Worker-140: Launching mavenrun-1365217e-66d4-4ebf-b3e8-8cb999be3cdf] INFO  o.eclipse.m2e.core.internal.Bundles - 	Entry: C:\Yaswanth_Arrepu\Softwares\eclipse\plugins\org.eclipse.m2e.maven.runtime_3.9.1101.20251020-1549\jars\wagon-file-3.5.3.jar
2026-01-21 16:12:08,126 [Worker-140: Launching mavenrun-1365217e-66d4-4ebf-b3e8-8cb999be3cdf] INFO  o.eclipse.m2e.core.internal.Bundles - 	Entry: C:\Yaswanth_Arrepu\Softwares\eclipse\plugins\org.eclipse.m2e.maven.runtime_3.9.1101.20251020-1549\jars\wagon-http-3.5.3.jar
2026-01-21 16:12:08,126 [Worker-140: Launching mavenrun-1365217e-66d4-4ebf-b3e8-8cb999be3cdf] INFO  o.eclipse.m2e.core.internal.Bundles - 	Entry: C:\Yaswanth_Arrepu\Softwares\eclipse\plugins\org.eclipse.m2e.maven.runtime_3.9.1101.20251020-1549\jars\wagon-http-shared-3.5.3.jar
2026-01-21 16:12:08,126 [Worker-140: Launching mavenrun-1365217e-66d4-4ebf-b3e8-8cb999be3cdf] INFO  o.eclipse.m2e.core.internal.Bundles - 	Entry: C:\Yaswanth_Arrepu\Softwares\eclipse\plugins\org.eclipse.m2e.maven.runtime_3.9.1101.20251020-1549\jars\wagon-provider-api-3.5.3.jar
2026-01-21 16:12:08,129 [Worker-140: Launching mavenrun-1365217e-66d4-4ebf-b3e8-8cb999be3cdf] INFO  o.eclipse.m2e.core.internal.Bundles - getClasspathEntries(Bundle=com.google.guava_33.5.0.jre [18])
2026-01-21 16:12:08,129 [Worker-140: Launching mavenrun-1365217e-66d4-4ebf-b3e8-8cb999be3cdf] INFO  o.eclipse.m2e.core.internal.Bundles - 	Entry: C:\Yaswanth_Arrepu\Softwares\eclipse\plugins\com.google.guava_33.5.0.jre.jar
2026-01-21 16:12:08,129 [Worker-140: Launching mavenrun-1365217e-66d4-4ebf-b3e8-8cb999be3cdf] INFO  o.eclipse.m2e.core.internal.Bundles - getClasspathEntries(Bundle=slf4j.api_2.0.17 [1014])
2026-01-21 16:12:08,129 [Worker-140: Launching mavenrun-1365217e-66d4-4ebf-b3e8-8cb999be3cdf] INFO  o.eclipse.m2e.core.internal.Bundles - 	Entry: C:\Yaswanth_Arrepu\Softwares\eclipse\plugins\slf4j.api_2.0.17.jar
2026-01-21 16:12:08,129 [Worker-140: Launching mavenrun-1365217e-66d4-4ebf-b3e8-8cb999be3cdf] INFO  o.eclipse.m2e.core.internal.Bundles - getClasspathEntries(Bundle=jakarta.inject.jakarta.inject-api_1.0.5 [35])
2026-01-21 16:12:08,129 [Worker-140: Launching mavenrun-1365217e-66d4-4ebf-b3e8-8cb999be3cdf] INFO  o.eclipse.m2e.core.internal.Bundles - 	Entry: C:\Yaswanth_Arrepu\Softwares\eclipse\plugins\jakarta.inject.jakarta.inject-api_1.0.5.jar
2026-01-21 16:12:08,129 [Worker-140: Launching mavenrun-1365217e-66d4-4ebf-b3e8-8cb999be3cdf] INFO  o.eclipse.m2e.core.internal.Bundles - getClasspathEntries(Bundle=jakarta.annotation-api_1.3.5 [31])
2026-01-21 16:12:08,129 [Worker-140: Launching mavenrun-1365217e-66d4-4ebf-b3e8-8cb999be3cdf] INFO  o.eclipse.m2e.core.internal.Bundles - 	Entry: C:\Yaswanth_Arrepu\Softwares\eclipse\plugins\jakarta.annotation-api_1.3.5.jar
2026-01-21 16:12:08,129 [Worker-140: Launching mavenrun-1365217e-66d4-4ebf-b3e8-8cb999be3cdf] INFO  o.eclipse.m2e.core.internal.Bundles - getClasspathEntries(Bundle=org.apache.commons.cli_1.11.0 [82])
2026-01-21 16:12:08,129 [Worker-140: Launching mavenrun-1365217e-66d4-4ebf-b3e8-8cb999be3cdf] INFO  o.eclipse.m2e.core.internal.Bundles - 	Entry: C:\Yaswanth_Arrepu\Softwares\eclipse\plugins\org.apache.commons.cli_1.11.0.jar
2026-01-21 16:12:08,129 [Worker-140: Launching mavenrun-1365217e-66d4-4ebf-b3e8-8cb999be3cdf] INFO  o.eclipse.m2e.core.internal.Bundles - getClasspathEntries(Bundle=org.apache.commons.commons-codec_1.20.0 [84])
2026-01-21 16:12:08,129 [Worker-140: Launching mavenrun-1365217e-66d4-4ebf-b3e8-8cb999be3cdf] INFO  o.eclipse.m2e.core.internal.Bundles - 	Entry: C:\Yaswanth_Arrepu\Softwares\eclipse\plugins\org.apache.commons.commons-codec_1.20.0.jar
2026-01-21 16:12:08,129 [Worker-140: Launching mavenrun-1365217e-66d4-4ebf-b3e8-8cb999be3cdf] INFO  o.eclipse.m2e.core.internal.Bundles - getClasspathEntries(Bundle=com.google.guava.failureaccess_1.0.3 [19])
2026-01-21 16:12:08,129 [Worker-140: Launching mavenrun-1365217e-66d4-4ebf-b3e8-8cb999be3cdf] INFO  o.eclipse.m2e.core.internal.Bundles - 	Entry: C:\Yaswanth_Arrepu\Softwares\eclipse\plugins\com.google.guava.failureaccess_1.0.3.jar
2026-01-21 16:12:08,137 [Worker-140: Launching mavenrun-1365217e-66d4-4ebf-b3e8-8cb999be3cdf] INFO  o.e.m.i.launch.MavenLaunchDelegate - Run build in "C:\Users\YASWAN~1\AppData\Local\Temp\m2e-archetypeGenerator15860183475478796701":
2026-01-21 16:12:08,141 [Worker-140: Launching mavenrun-1365217e-66d4-4ebf-b3e8-8cb999be3cdf] INFO  o.e.m.i.launch.MavenLaunchDelegate -  mvn  -DarchetypeGroupId=fr.lteconsulting.archetypes -DarchetypeArtifactId=quickstart-java8 -DarchetypeVersion=1.0 -DgroupId=com.ibm -DartifactId=classobjects -Dversion=0.0.1-SNAPSHOT -Dpackage=com.ibm.classobjects -DoutputDirectory=C:\YaswanthArrepu\eclipse-workspace -Dstyle.color=always -U archetype:generate
2026-01-21 16:13:04,462 [Worker-141: Creating quickstart-java8] INFO  o.e.m.c.i.p.ProjectConfigurationManager - Collecting project info '/pom.xml' C:\YaswanthArrepu\eclipse-workspace\classobjects\pom.xml
2026-01-21 16:13:06,885 [Worker-141: Creating quickstart-java8] INFO  o.e.m.c.i.e.AbstractTransferListenerAdapter - Downloading https://repo.maven.apache.org/maven2/org/apache/maven/plugins/maven-resources-plugin/3.3.1/maven-resources-plugin-3.3.1.jar
2026-01-21 16:13:07,326 [Worker-141: Creating quickstart-java8] INFO  o.e.m.c.i.e.AbstractTransferListenerAdapter - Downloaded https://repo.maven.apache.org/maven2/org/apache/maven/plugins/maven-resources-plugin/3.3.1/maven-resources-plugin-3.3.1.jar
2026-01-21 16:13:07,627 [Worker-141: Creating quickstart-java8] INFO  o.e.m.c.i.e.AbstractTransferListenerAdapter - Downloading https://repo.maven.apache.org/maven2/org/apache/maven/plugins/maven-compiler-plugin/3.13.0/maven-compiler-plugin-3.13.0.jar
2026-01-21 16:13:07,692 [Worker-141: Creating quickstart-java8] INFO  o.e.m.c.i.e.AbstractTransferListenerAdapter - Downloaded https://repo.maven.apache.org/maven2/org/apache/maven/plugins/maven-compiler-plugin/3.13.0/maven-compiler-plugin-3.13.0.jar
2026-01-21 16:13:07,762 [Worker-141: Creating quickstart-java8] INFO  o.e.m.c.i.e.AbstractTransferListenerAdapter - Downloading https://repo.maven.apache.org/maven2/org/apache/maven/plugins/maven-surefire-plugin/3.2.5/maven-surefire-plugin-3.2.5.jar
2026-01-21 16:13:08,144 [Worker-141: Creating quickstart-java8] INFO  o.e.m.c.i.e.AbstractTransferListenerAdapter - Downloaded https://repo.maven.apache.org/maven2/org/apache/maven/plugins/maven-surefire-plugin/3.2.5/maven-surefire-plugin-3.2.5.jar
2026-01-21 16:13:08,341 [Worker-141: Creating quickstart-java8] INFO  o.e.m.c.i.e.AbstractTransferListenerAdapter - Downloading https://repo.maven.apache.org/maven2/org/apache/maven/plugins/maven-jar-plugin/3.4.1/maven-jar-plugin-3.4.1.jar
2026-01-21 16:13:08,794 [Worker-141: Creating quickstart-java8] INFO  o.e.m.c.i.e.AbstractTransferListenerAdapter - Downloaded https://repo.maven.apache.org/maven2/org/apache/maven/plugins/maven-jar-plugin/3.4.1/maven-jar-plugin-3.4.1.jar
2026-01-21 16:13:09,608 [Worker-141: Creating quickstart-java8] INFO  o.e.m.c.i.e.AbstractTransferListenerAdapter - Downloading https://repo.maven.apache.org/maven2/org/apache/maven/plugins/maven-compiler-plugin/3.13.0/maven-compiler-plugin-3.13.0.pom
2026-01-21 16:13:09,657 [Worker-141: Creating quickstart-java8] INFO  o.e.m.c.i.e.AbstractTransferListenerAdapter - Downloaded https://repo.maven.apache.org/maven2/org/apache/maven/plugins/maven-compiler-plugin/3.13.0/maven-compiler-plugin-3.13.0.pom
2026-01-21 16:13:10,138 [Worker-141: Creating quickstart-java8] INFO  o.e.m.c.i.e.AbstractTransferListenerAdapter - Downloading https://repo.maven.apache.org/maven2/commons-io/commons-io/2.11.0/commons-io-2.11.0.pom
2026-01-21 16:13:10,193 [Worker-141: Creating quickstart-java8] INFO  o.e.m.c.i.e.AbstractTransferListenerAdapter - Downloaded https://repo.maven.apache.org/maven2/commons-io/commons-io/2.11.0/commons-io-2.11.0.pom
2026-01-21 16:13:10,257 [Worker-141: Creating quickstart-java8] INFO  o.e.m.c.i.e.AbstractTransferListenerAdapter - Downloading https://repo.maven.apache.org/maven2/org/apache/commons/commons-parent/52/commons-parent-52.pom
2026-01-21 16:13:10,296 [Worker-141: Creating quickstart-java8] INFO  o.e.m.c.i.e.AbstractTransferListenerAdapter - Downloaded https://repo.maven.apache.org/maven2/org/apache/commons/commons-parent/52/commons-parent-52.pom
2026-01-21 16:13:10,396 [Worker-141: Creating quickstart-java8] INFO  o.e.m.c.i.e.AbstractTransferListenerAdapter - Downloading https://repo.maven.apache.org/maven2/org/junit/junit-bom/5.7.2/junit-bom-5.7.2.pom
2026-01-21 16:13:10,460 [Worker-141: Creating quickstart-java8] INFO  o.e.m.c.i.e.AbstractTransferListenerAdapter - Downloaded https://repo.maven.apache.org/maven2/org/junit/junit-bom/5.7.2/junit-bom-5.7.2.pom
2026-01-21 16:13:10,502 [Worker-141: Creating quickstart-java8] INFO  o.e.m.c.i.e.AbstractTransferListenerAdapter - Downloading https://repo.maven.apache.org/maven2/org/apache/maven/shared/maven-shared-incremental/1.1/maven-shared-incremental-1.1.pom
2026-01-21 16:13:10,544 [Worker-141: Creating quickstart-java8] INFO  o.e.m.c.i.e.AbstractTransferListenerAdapter - Downloaded https://repo.maven.apache.org/maven2/org/apache/maven/shared/maven-shared-incremental/1.1/maven-shared-incremental-1.1.pom
2026-01-21 16:13:10,583 [Worker-141: Creating quickstart-java8] INFO  o.e.m.c.i.e.AbstractTransferListenerAdapter - Downloading https://repo.maven.apache.org/maven2/org/apache/maven/shared/maven-shared-components/19/maven-shared-components-19.pom
2026-01-21 16:13:10,631 [Worker-141: Creating quickstart-java8] INFO  o.e.m.c.i.e.AbstractTransferListenerAdapter - Downloaded https://repo.maven.apache.org/maven2/org/apache/maven/shared/maven-shared-components/19/maven-shared-components-19.pom
2026-01-21 16:13:10,678 [Worker-141: Creating quickstart-java8] INFO  o.e.m.c.i.e.AbstractTransferListenerAdapter - Downloading https://repo.maven.apache.org/maven2/org/apache/maven/maven-parent/23/maven-parent-23.pom
2026-01-21 16:13:10,731 [Worker-141: Creating quickstart-java8] INFO  o.e.m.c.i.e.AbstractTransferListenerAdapter - Downloaded https://repo.maven.apache.org/maven2/org/apache/maven/maven-parent/23/maven-parent-23.pom
2026-01-21 16:13:10,785 [Worker-141: Creating quickstart-java8] INFO  o.e.m.c.i.e.AbstractTransferListenerAdapter - Downloading https://repo.maven.apache.org/maven2/org/apache/apache/13/apache-13.pom
2026-01-21 16:13:10,840 [Worker-141: Creating quickstart-java8] INFO  o.e.m.c.i.e.AbstractTransferListenerAdapter - Downloaded https://repo.maven.apache.org/maven2/org/apache/apache/13/apache-13.pom
2026-01-21 16:13:10,899 [Worker-141: Creating quickstart-java8] INFO  o.e.m.c.i.e.AbstractTransferListenerAdapter - Downloading https://repo.maven.apache.org/maven2/org/codehaus/plexus/plexus-java/1.2.0/plexus-java-1.2.0.pom
2026-01-21 16:13:10,961 [Worker-141: Creating quickstart-java8] INFO  o.e.m.c.i.e.AbstractTransferListenerAdapter - Downloaded https://repo.maven.apache.org/maven2/org/codehaus/plexus/plexus-java/1.2.0/plexus-java-1.2.0.pom
2026-01-21 16:13:10,999 [Worker-141: Creating quickstart-java8] INFO  o.e.m.c.i.e.AbstractTransferListenerAdapter - Downloading https://repo.maven.apache.org/maven2/org/codehaus/plexus/plexus-languages/1.2.0/plexus-languages-1.2.0.pom
2026-01-21 16:13:11,044 [Worker-141: Creating quickstart-java8] INFO  o.e.m.c.i.e.AbstractTransferListenerAdapter - Downloaded https://repo.maven.apache.org/maven2/org/codehaus/plexus/plexus-languages/1.2.0/plexus-languages-1.2.0.pom
2026-01-21 16:13:11,087 [Worker-141: Creating quickstart-java8] INFO  o.e.m.c.i.e.AbstractTransferListenerAdapter - Downloading https://repo.maven.apache.org/maven2/org/codehaus/plexus/plexus/15/plexus-15.pom
2026-01-21 16:13:11,132 [Worker-141: Creating quickstart-java8] INFO  o.e.m.c.i.e.AbstractTransferListenerAdapter - Downloaded https://repo.maven.apache.org/maven2/org/codehaus/plexus/plexus/15/plexus-15.pom
2026-01-21 16:13:11,189 [Worker-141: Creating quickstart-java8] INFO  o.e.m.c.i.e.AbstractTransferListenerAdapter - Downloading https://repo.maven.apache.org/maven2/org/junit/junit-bom/5.10.0/junit-bom-5.10.0.pom
2026-01-21 16:13:11,250 [Worker-141: Creating quickstart-java8] INFO  o.e.m.c.i.e.AbstractTransferListenerAdapter - Downloaded https://repo.maven.apache.org/maven2/org/junit/junit-bom/5.10.0/junit-bom-5.10.0.pom
2026-01-21 16:13:11,297 [Worker-141: Creating quickstart-java8] INFO  o.e.m.c.i.e.AbstractTransferListenerAdapter - Downloading https://repo.maven.apache.org/maven2/org/ow2/asm/asm/9.6/asm-9.6.pom
2026-01-21 16:13:11,337 [Worker-141: Creating quickstart-java8] INFO  o.e.m.c.i.e.AbstractTransferListenerAdapter - Downloaded https://repo.maven.apache.org/maven2/org/ow2/asm/asm/9.6/asm-9.6.pom
2026-01-21 16:13:11,375 [Worker-141: Creating quickstart-java8] INFO  o.e.m.c.i.e.AbstractTransferListenerAdapter - Downloading https://repo.maven.apache.org/maven2/org/ow2/ow2/1.5.1/ow2-1.5.1.pom
2026-01-21 16:13:11,431 [Worker-141: Creating quickstart-java8] INFO  o.e.m.c.i.e.AbstractTransferListenerAdapter - Downloaded https://repo.maven.apache.org/maven2/org/ow2/ow2/1.5.1/ow2-1.5.1.pom
2026-01-21 16:13:11,480 [Worker-141: Creating quickstart-java8] INFO  o.e.m.c.i.e.AbstractTransferListenerAdapter - Downloading https://repo.maven.apache.org/maven2/com/thoughtworks/qdox/qdox/2.0.3/qdox-2.0.3.pom
2026-01-21 16:13:11,522 [Worker-141: Creating quickstart-java8] INFO  o.e.m.c.i.e.AbstractTransferListenerAdapter - Downloaded https://repo.maven.apache.org/maven2/com/thoughtworks/qdox/qdox/2.0.3/qdox-2.0.3.pom
2026-01-21 16:13:11,573 [Worker-141: Creating quickstart-java8] INFO  o.e.m.c.i.e.AbstractTransferListenerAdapter - Downloading https://repo.maven.apache.org/maven2/org/sonatype/oss/oss-parent/9/oss-parent-9.pom
2026-01-21 16:13:11,620 [Worker-141: Creating quickstart-java8] INFO  o.e.m.c.i.e.AbstractTransferListenerAdapter - Downloaded https://repo.maven.apache.org/maven2/org/sonatype/oss/oss-parent/9/oss-parent-9.pom
2026-01-21 16:13:11,656 [Worker-141: Creating quickstart-java8] INFO  o.e.m.c.i.e.AbstractTransferListenerAdapter - Downloading https://repo.maven.apache.org/maven2/org/codehaus/plexus/plexus-compiler-api/2.15.0/plexus-compiler-api-2.15.0.pom
2026-01-21 16:13:11,708 [Worker-141: Creating quickstart-java8] INFO  o.e.m.c.i.e.AbstractTransferListenerAdapter - Downloaded https://repo.maven.apache.org/maven2/org/codehaus/plexus/plexus-compiler-api/2.15.0/plexus-compiler-api-2.15.0.pom
2026-01-21 16:13:11,753 [Worker-141: Creating quickstart-java8] INFO  o.e.m.c.i.e.AbstractTransferListenerAdapter - Downloading https://repo.maven.apache.org/maven2/org/codehaus/plexus/plexus-compiler/2.15.0/plexus-compiler-2.15.0.pom
2026-01-21 16:13:11,816 [Worker-141: Creating quickstart-java8] INFO  o.e.m.c.i.e.AbstractTransferListenerAdapter - Downloaded https://repo.maven.apache.org/maven2/org/codehaus/plexus/plexus-compiler/2.15.0/plexus-compiler-2.15.0.pom
2026-01-21 16:13:11,853 [Worker-141: Creating quickstart-java8] INFO  o.e.m.c.i.e.AbstractTransferListenerAdapter - Downloading https://repo.maven.apache.org/maven2/org/codehaus/plexus/plexus/17/plexus-17.pom
2026-01-21 16:13:11,900 [Worker-141: Creating quickstart-java8] INFO  o.e.m.c.i.e.AbstractTransferListenerAdapter - Downloaded https://repo.maven.apache.org/maven2/org/codehaus/plexus/plexus/17/plexus-17.pom
2026-01-21 16:13:12,003 [Worker-141: Creating quickstart-java8] INFO  o.e.m.c.i.e.AbstractTransferListenerAdapter - Downloading https://repo.maven.apache.org/maven2/org/codehaus/plexus/plexus-utils/4.0.0/plexus-utils-4.0.0.pom
2026-01-21 16:13:12,056 [Worker-141: Creating quickstart-java8] INFO  o.e.m.c.i.e.AbstractTransferListenerAdapter - Downloaded https://repo.maven.apache.org/maven2/org/codehaus/plexus/plexus-utils/4.0.0/plexus-utils-4.0.0.pom
2026-01-21 16:13:12,103 [Worker-141: Creating quickstart-java8] INFO  o.e.m.c.i.e.AbstractTransferListenerAdapter - Downloading https://repo.maven.apache.org/maven2/org/codehaus/plexus/plexus/13/plexus-13.pom
2026-01-21 16:13:12,165 [Worker-141: Creating quickstart-java8] INFO  o.e.m.c.i.e.AbstractTransferListenerAdapter - Downloaded https://repo.maven.apache.org/maven2/org/codehaus/plexus/plexus/13/plexus-13.pom
2026-01-21 16:13:12,219 [Worker-141: Creating quickstart-java8] INFO  o.e.m.c.i.e.AbstractTransferListenerAdapter - Downloading https://repo.maven.apache.org/maven2/org/junit/junit-bom/5.9.3/junit-bom-5.9.3.pom
2026-01-21 16:13:12,268 [Worker-141: Creating quickstart-java8] INFO  o.e.m.c.i.e.AbstractTransferListenerAdapter - Downloaded https://repo.maven.apache.org/maven2/org/junit/junit-bom/5.9.3/junit-bom-5.9.3.pom
2026-01-21 16:13:12,308 [Worker-141: Creating quickstart-java8] INFO  o.e.m.c.i.e.AbstractTransferListenerAdapter - Downloading https://repo.maven.apache.org/maven2/org/codehaus/plexus/plexus-compiler-manager/2.15.0/plexus-compiler-manager-2.15.0.pom
2026-01-21 16:13:12,354 [Worker-141: Creating quickstart-java8] INFO  o.e.m.c.i.e.AbstractTransferListenerAdapter - Downloaded https://repo.maven.apache.org/maven2/org/codehaus/plexus/plexus-compiler-manager/2.15.0/plexus-compiler-manager-2.15.0.pom
2026-01-21 16:13:12,416 [Worker-141: Creating quickstart-java8] INFO  o.e.m.c.i.e.AbstractTransferListenerAdapter - Downloading https://repo.maven.apache.org/maven2/org/codehaus/plexus/plexus-xml/3.0.0/plexus-xml-3.0.0.pom
2026-01-21 16:13:12,481 [Worker-141: Creating quickstart-java8] INFO  o.e.m.c.i.e.AbstractTransferListenerAdapter - Downloaded https://repo.maven.apache.org/maven2/org/codehaus/plexus/plexus-xml/3.0.0/plexus-xml-3.0.0.pom
2026-01-21 16:13:12,516 [Worker-141: Creating quickstart-java8] INFO  o.e.m.c.i.e.AbstractTransferListenerAdapter - Downloading https://repo.maven.apache.org/maven2/org/codehaus/plexus/plexus-compiler-javac/2.15.0/plexus-compiler-javac-2.15.0.pom
2026-01-21 16:13:12,565 [Worker-141: Creating quickstart-java8] INFO  o.e.m.c.i.e.AbstractTransferListenerAdapter - Downloaded https://repo.maven.apache.org/maven2/org/codehaus/plexus/plexus-compiler-javac/2.15.0/plexus-compiler-javac-2.15.0.pom
2026-01-21 16:13:12,604 [Worker-141: Creating quickstart-java8] INFO  o.e.m.c.i.e.AbstractTransferListenerAdapter - Downloading https://repo.maven.apache.org/maven2/org/codehaus/plexus/plexus-compilers/2.15.0/plexus-compilers-2.15.0.pom
2026-01-21 16:13:12,657 [Worker-141: Creating quickstart-java8] INFO  o.e.m.c.i.e.AbstractTransferListenerAdapter - Downloaded https://repo.maven.apache.org/maven2/org/codehaus/plexus/plexus-compilers/2.15.0/plexus-compilers-2.15.0.pom
2026-01-21 16:13:12,709 [Worker-141: Creating quickstart-java8] INFO  o.e.m.c.i.e.AbstractTransferListenerAdapter - Downloading https://repo.maven.apache.org/maven2/commons-io/commons-io/2.11.0/commons-io-2.11.0.jar
2026-01-21 16:13:12,778 [Worker-141: Creating quickstart-java8] INFO  o.e.m.c.i.e.AbstractTransferListenerAdapter - Downloaded https://repo.maven.apache.org/maven2/commons-io/commons-io/2.11.0/commons-io-2.11.0.jar
2026-01-21 16:13:12,809 [BasicRepositoryConnector-repo.maven.apache.org-0-0] INFO  o.e.m.c.i.e.AbstractTransferListenerAdapter - Downloading https://repo.maven.apache.org/maven2/org/apache/maven/shared/maven-shared-incremental/1.1/maven-shared-incremental-1.1.jar
2026-01-21 16:13:12,844 [BasicRepositoryConnector-repo.maven.apache.org-0-1] INFO  o.e.m.c.i.e.AbstractTransferListenerAdapter - Downloading https://repo.maven.apache.org/maven2/org/codehaus/plexus/plexus-java/1.2.0/plexus-java-1.2.0.jar
2026-01-21 16:13:12,856 [BasicRepositoryConnector-repo.maven.apache.org-0-2] INFO  o.e.m.c.i.e.AbstractTransferListenerAdapter - Downloading https://repo.maven.apache.org/maven2/org/ow2/asm/asm/9.6/asm-9.6.jar
2026-01-21 16:13:12,857 [BasicRepositoryConnector-repo.maven.apache.org-0-4] INFO  o.e.m.c.i.e.AbstractTransferListenerAdapter - Downloading https://repo.maven.apache.org/maven2/org/codehaus/plexus/plexus-compiler-api/2.15.0/plexus-compiler-api-2.15.0.jar
2026-01-21 16:13:12,865 [BasicRepositoryConnector-repo.maven.apache.org-0-3] INFO  o.e.m.c.i.e.AbstractTransferListenerAdapter - Downloading https://repo.maven.apache.org/maven2/com/thoughtworks/qdox/qdox/2.0.3/qdox-2.0.3.jar
2026-01-21 16:13:12,904 [BasicRepositoryConnector-repo.maven.apache.org-0-1] INFO  o.e.m.c.i.e.AbstractTransferListenerAdapter - Downloaded https://repo.maven.apache.org/maven2/org/codehaus/plexus/plexus-java/1.2.0/plexus-java-1.2.0.jar
2026-01-21 16:13:12,922 [BasicRepositoryConnector-repo.maven.apache.org-0-2] INFO  o.e.m.c.i.e.AbstractTransferListenerAdapter - Downloaded https://repo.maven.apache.org/maven2/org/ow2/asm/asm/9.6/asm-9.6.jar
2026-01-21 16:13:12,940 [BasicRepositoryConnector-repo.maven.apache.org-0-1] INFO  o.e.m.c.i.e.AbstractTransferListenerAdapter - Downloading https://repo.maven.apache.org/maven2/org/codehaus/plexus/plexus-compiler-manager/2.15.0/plexus-compiler-manager-2.15.0.jar
2026-01-21 16:13:12,950 [BasicRepositoryConnector-repo.maven.apache.org-0-3] INFO  o.e.m.c.i.e.AbstractTransferListenerAdapter - Downloaded https://repo.maven.apache.org/maven2/com/thoughtworks/qdox/qdox/2.0.3/qdox-2.0.3.jar
2026-01-21 16:13:12,963 [BasicRepositoryConnector-repo.maven.apache.org-0-2] INFO  o.e.m.c.i.e.AbstractTransferListenerAdapter - Downloading https://repo.maven.apache.org/maven2/org/codehaus/plexus/plexus-xml/3.0.0/plexus-xml-3.0.0.jar
2026-01-21 16:13:12,982 [BasicRepositoryConnector-repo.maven.apache.org-0-3] INFO  o.e.m.c.i.e.AbstractTransferListenerAdapter - Downloading https://repo.maven.apache.org/maven2/org/codehaus/plexus/plexus-compiler-javac/2.15.0/plexus-compiler-javac-2.15.0.jar
2026-01-21 16:13:13,020 [BasicRepositoryConnector-repo.maven.apache.org-0-2] INFO  o.e.m.c.i.e.AbstractTransferListenerAdapter - Downloaded https://repo.maven.apache.org/maven2/org/codehaus/plexus/plexus-xml/3.0.0/plexus-xml-3.0.0.jar
2026-01-21 16:13:13,071 [BasicRepositoryConnector-repo.maven.apache.org-0-0] INFO  o.e.m.c.i.e.AbstractTransferListenerAdapter - Downloaded https://repo.maven.apache.org/maven2/org/apache/maven/shared/maven-shared-incremental/1.1/maven-shared-incremental-1.1.jar
2026-01-21 16:13:13,102 [BasicRepositoryConnector-repo.maven.apache.org-0-2] INFO  o.e.m.c.i.e.AbstractTransferListenerAdapter - Downloading https://repo.maven.apache.org/maven2/org/codehaus/plexus/plexus-utils/4.0.0/plexus-utils-4.0.0.jar
2026-01-21 16:13:13,144 [BasicRepositoryConnector-repo.maven.apache.org-0-1] INFO  o.e.m.c.i.e.AbstractTransferListenerAdapter - Downloaded https://repo.maven.apache.org/maven2/org/codehaus/plexus/plexus-compiler-manager/2.15.0/plexus-compiler-manager-2.15.0.jar
2026-01-21 16:13:13,178 [BasicRepositoryConnector-repo.maven.apache.org-0-2] INFO  o.e.m.c.i.e.AbstractTransferListenerAdapter - Downloaded https://repo.maven.apache.org/maven2/org/codehaus/plexus/plexus-utils/4.0.0/plexus-utils-4.0.0.jar
2026-01-21 16:13:13,311 [BasicRepositoryConnector-repo.maven.apache.org-0-3] INFO  o.e.m.c.i.e.AbstractTransferListenerAdapter - Downloaded https://repo.maven.apache.org/maven2/org/codehaus/plexus/plexus-compiler-javac/2.15.0/plexus-compiler-javac-2.15.0.jar
2026-01-21 16:13:13,447 [BasicRepositoryConnector-repo.maven.apache.org-0-4] INFO  o.e.m.c.i.e.AbstractTransferListenerAdapter - Downloaded https://repo.maven.apache.org/maven2/org/codehaus/plexus/plexus-compiler-api/2.15.0/plexus-compiler-api-2.15.0.jar
2026-01-21 16:13:13,974 [Worker-141: Creating quickstart-java8] INFO  o.e.m.c.i.l.LifecycleMappingFactory - Using org.eclipse.m2e.jdt.JarLifecycleMapping lifecycle mapping for MavenProject: com.ibm:classobjects:0.0.1-SNAPSHOT @ C:\YaswanthArrepu\eclipse-workspace\classobjects\pom.xml.
2026-01-21 16:13:14,028 [Worker-141: Creating quickstart-java8] INFO  o.e.m.c.i.e.AbstractTransferListenerAdapter - Downloading https://repo.maven.apache.org/maven2/org/apache/maven/plugins/maven-resources-plugin/3.3.1/maven-resources-plugin-3.3.1.pom
2026-01-21 16:13:14,071 [Worker-141: Creating quickstart-java8] INFO  o.e.m.c.i.e.AbstractTransferListenerAdapter - Downloaded https://repo.maven.apache.org/maven2/org/apache/maven/plugins/maven-resources-plugin/3.3.1/maven-resources-plugin-3.3.1.pom
2026-01-21 16:13:14,111 [Worker-141: Creating quickstart-java8] INFO  o.e.m.c.i.e.AbstractTransferListenerAdapter - Downloading https://repo.maven.apache.org/maven2/org/apache/maven/plugins/maven-plugins/39/maven-plugins-39.pom
2026-01-21 16:13:14,155 [Worker-141: Creating quickstart-java8] INFO  o.e.m.c.i.e.AbstractTransferListenerAdapter - Downloaded https://repo.maven.apache.org/maven2/org/apache/maven/plugins/maven-plugins/39/maven-plugins-39.pom
2026-01-21 16:13:14,203 [Worker-141: Creating quickstart-java8] INFO  o.e.m.c.i.e.AbstractTransferListenerAdapter - Downloading https://repo.maven.apache.org/maven2/org/apache/maven/plugins/maven-surefire-plugin/3.2.5/maven-surefire-plugin-3.2.5.pom
2026-01-21 16:13:14,242 [Worker-141: Creating quickstart-java8] INFO  o.e.m.c.i.e.AbstractTransferListenerAdapter - Downloaded https://repo.maven.apache.org/maven2/org/apache/maven/plugins/maven-surefire-plugin/3.2.5/maven-surefire-plugin-3.2.5.pom
2026-01-21 16:13:14,278 [Worker-141: Creating quickstart-java8] INFO  o.e.m.c.i.e.AbstractTransferListenerAdapter - Downloading https://repo.maven.apache.org/maven2/org/apache/maven/surefire/surefire/3.2.5/surefire-3.2.5.pom
2026-01-21 16:13:14,336 [Worker-141: Creating quickstart-java8] INFO  o.e.m.c.i.e.AbstractTransferListenerAdapter - Downloaded https://repo.maven.apache.org/maven2/org/apache/maven/surefire/surefire/3.2.5/surefire-3.2.5.pom
2026-01-21 16:13:14,396 [Worker-141: Creating quickstart-java8] INFO  o.e.m.c.i.e.AbstractTransferListenerAdapter - Downloading https://repo.maven.apache.org/maven2/org/apache/maven/plugins/maven-jar-plugin/3.4.1/maven-jar-plugin-3.4.1.pom
2026-01-21 16:13:14,449 [Worker-141: Creating quickstart-java8] INFO  o.e.m.c.i.e.AbstractTransferListenerAdapter - Downloaded https://repo.maven.apache.org/maven2/org/apache/maven/plugins/maven-jar-plugin/3.4.1/maven-jar-plugin-3.4.1.pom
2026-01-21 16:13:14,632 [Worker-141: Creating quickstart-java8] INFO  o.e.m.c.i.e.AbstractTransferListenerAdapter - Downloading https://repo.maven.apache.org/maven2/org/apache/maven/shared/file-management/3.1.0/file-management-3.1.0.pom
2026-01-21 16:13:14,683 [Worker-141: Creating quickstart-java8] INFO  o.e.m.c.i.e.AbstractTransferListenerAdapter - Downloaded https://repo.maven.apache.org/maven2/org/apache/maven/shared/file-management/3.1.0/file-management-3.1.0.pom
2026-01-21 16:13:14,740 [Worker-141: Creating quickstart-java8] INFO  o.e.m.c.i.e.AbstractTransferListenerAdapter - Downloading https://repo.maven.apache.org/maven2/org/apache/maven/shared/maven-shared-components/36/maven-shared-components-36.pom
2026-01-21 16:13:14,807 [Worker-141: Creating quickstart-java8] INFO  o.e.m.c.i.e.AbstractTransferListenerAdapter - Downloaded https://repo.maven.apache.org/maven2/org/apache/maven/shared/maven-shared-components/36/maven-shared-components-36.pom
2026-01-21 16:13:14,948 [Worker-141: Creating quickstart-java8] INFO  o.e.m.c.i.e.AbstractTransferListenerAdapter - Downloading https://repo.maven.apache.org/maven2/org/codehaus/plexus/plexus-utils/4.0.1/plexus-utils-4.0.1.pom
2026-01-21 16:13:14,985 [Worker-141: Creating quickstart-java8] INFO  o.e.m.c.i.e.AbstractTransferListenerAdapter - Downloaded https://repo.maven.apache.org/maven2/org/codehaus/plexus/plexus-utils/4.0.1/plexus-utils-4.0.1.pom
2026-01-21 16:13:15,022 [Worker-141: Creating quickstart-java8] INFO  o.e.m.c.i.e.AbstractTransferListenerAdapter - Downloading https://repo.maven.apache.org/maven2/commons-io/commons-io/2.16.1/commons-io-2.16.1.pom
2026-01-21 16:13:15,064 [Worker-141: Creating quickstart-java8] INFO  o.e.m.c.i.e.AbstractTransferListenerAdapter - Downloaded https://repo.maven.apache.org/maven2/commons-io/commons-io/2.16.1/commons-io-2.16.1.pom
2026-01-21 16:13:15,167 [Worker-141: Creating quickstart-java8] INFO  o.e.m.c.i.e.AbstractTransferListenerAdapter - Downloading https://repo.maven.apache.org/maven2/org/apache/maven/maven-archiver/3.6.2/maven-archiver-3.6.2.pom
2026-01-21 16:13:15,228 [Worker-141: Creating quickstart-java8] INFO  o.e.m.c.i.e.AbstractTransferListenerAdapter - Downloaded https://repo.maven.apache.org/maven2/org/apache/maven/maven-archiver/3.6.2/maven-archiver-3.6.2.pom
2026-01-21 16:13:15,345 [Worker-141: Creating quickstart-java8] INFO  o.e.m.c.i.e.AbstractTransferListenerAdapter - Downloading https://repo.maven.apache.org/maven2/org/codehaus/plexus/plexus-archiver/4.9.2/plexus-archiver-4.9.2.pom
2026-01-21 16:13:15,417 [Worker-141: Creating quickstart-java8] INFO  o.e.m.c.i.e.AbstractTransferListenerAdapter - Downloaded https://repo.maven.apache.org/maven2/org/codehaus/plexus/plexus-archiver/4.9.2/plexus-archiver-4.9.2.pom
2026-01-21 16:13:15,495 [Worker-141: Creating quickstart-java8] INFO  o.e.m.c.i.e.AbstractTransferListenerAdapter - Downloading https://repo.maven.apache.org/maven2/org/codehaus/plexus/plexus-io/3.4.2/plexus-io-3.4.2.pom
2026-01-21 16:13:15,555 [Worker-141: Creating quickstart-java8] INFO  o.e.m.c.i.e.AbstractTransferListenerAdapter - Downloaded https://repo.maven.apache.org/maven2/org/codehaus/plexus/plexus-io/3.4.2/plexus-io-3.4.2.pom
2026-01-21 16:13:15,612 [Worker-141: Creating quickstart-java8] INFO  o.e.m.c.i.e.AbstractTransferListenerAdapter - Downloading https://repo.maven.apache.org/maven2/org/codehaus/plexus/plexus/16/plexus-16.pom
2026-01-21 16:13:15,672 [Worker-141: Creating quickstart-java8] INFO  o.e.m.c.i.e.AbstractTransferListenerAdapter - Downloaded https://repo.maven.apache.org/maven2/org/codehaus/plexus/plexus/16/plexus-16.pom
2026-01-21 16:13:15,738 [Worker-141: Creating quickstart-java8] INFO  o.e.m.c.i.e.AbstractTransferListenerAdapter - Downloading https://repo.maven.apache.org/maven2/org/junit/junit-bom/5.10.1/junit-bom-5.10.1.pom
2026-01-21 16:13:15,800 [Worker-141: Creating quickstart-java8] INFO  o.e.m.c.i.e.AbstractTransferListenerAdapter - Downloaded https://repo.maven.apache.org/maven2/org/junit/junit-bom/5.10.1/junit-bom-5.10.1.pom
2026-01-21 16:13:15,850 [Worker-141: Creating quickstart-java8] INFO  o.e.m.c.i.e.AbstractTransferListenerAdapter - Downloading https://repo.maven.apache.org/maven2/org/apache/commons/commons-compress/1.26.1/commons-compress-1.26.1.pom
2026-01-21 16:13:15,909 [Worker-141: Creating quickstart-java8] INFO  o.e.m.c.i.e.AbstractTransferListenerAdapter - Downloaded https://repo.maven.apache.org/maven2/org/apache/commons/commons-compress/1.26.1/commons-compress-1.26.1.pom
2026-01-21 16:13:16,001 [Worker-141: Creating quickstart-java8] INFO  o.e.m.c.i.e.AbstractTransferListenerAdapter - Downloading https://repo.maven.apache.org/maven2/org/apache/commons/commons-parent/66/commons-parent-66.pom
2026-01-21 16:13:16,071 [Worker-141: Creating quickstart-java8] INFO  o.e.m.c.i.e.AbstractTransferListenerAdapter - Downloaded https://repo.maven.apache.org/maven2/org/apache/commons/commons-parent/66/commons-parent-66.pom
2026-01-21 16:13:16,132 [Worker-141: Creating quickstart-java8] INFO  o.e.m.c.i.e.AbstractTransferListenerAdapter - Downloading https://repo.maven.apache.org/maven2/commons-codec/commons-codec/1.16.1/commons-codec-1.16.1.pom
2026-01-21 16:13:16,201 [Worker-141: Creating quickstart-java8] INFO  o.e.m.c.i.e.AbstractTransferListenerAdapter - Downloaded https://repo.maven.apache.org/maven2/commons-codec/commons-codec/1.16.1/commons-codec-1.16.1.pom
2026-01-21 16:13:16,263 [Worker-141: Creating quickstart-java8] INFO  o.e.m.c.i.e.AbstractTransferListenerAdapter - Downloading https://repo.maven.apache.org/maven2/org/apache/commons/commons-lang3/3.14.0/commons-lang3-3.14.0.pom
2026-01-21 16:13:16,312 [Worker-141: Creating quickstart-java8] INFO  o.e.m.c.i.e.AbstractTransferListenerAdapter - Downloaded https://repo.maven.apache.org/maven2/org/apache/commons/commons-lang3/3.14.0/commons-lang3-3.14.0.pom
2026-01-21 16:13:16,378 [Worker-141: Creating quickstart-java8] INFO  o.e.m.c.i.e.AbstractTransferListenerAdapter - Downloading https://repo.maven.apache.org/maven2/org/apache/commons/commons-parent/64/commons-parent-64.pom
2026-01-21 16:13:16,440 [Worker-141: Creating quickstart-java8] INFO  o.e.m.c.i.e.AbstractTransferListenerAdapter - Downloaded https://repo.maven.apache.org/maven2/org/apache/commons/commons-parent/64/commons-parent-64.pom
2026-01-21 16:13:16,511 [Worker-141: Creating quickstart-java8] INFO  o.e.m.c.i.e.AbstractTransferListenerAdapter - Downloading https://repo.maven.apache.org/maven2/org/apache/apache/30/apache-30.pom
2026-01-21 16:13:16,558 [Worker-141: Creating quickstart-java8] INFO  o.e.m.c.i.e.AbstractTransferListenerAdapter - Downloaded https://repo.maven.apache.org/maven2/org/apache/apache/30/apache-30.pom
2026-01-21 16:13:16,621 [Worker-141: Creating quickstart-java8] INFO  o.e.m.c.i.e.AbstractTransferListenerAdapter - Downloading https://repo.maven.apache.org/maven2/org/iq80/snappy/snappy/0.4/snappy-0.4.pom
2026-01-21 16:13:16,667 [Worker-141: Creating quickstart-java8] INFO  o.e.m.c.i.e.AbstractTransferListenerAdapter - Downloaded https://repo.maven.apache.org/maven2/org/iq80/snappy/snappy/0.4/snappy-0.4.pom
2026-01-21 16:13:16,756 [Worker-141: Creating quickstart-java8] INFO  o.e.m.c.i.e.AbstractTransferListenerAdapter - Downloading https://repo.maven.apache.org/maven2/com/github/luben/zstd-jni/1.5.5-11/zstd-jni-1.5.5-11.pom
2026-01-21 16:13:16,793 [Worker-141: Creating quickstart-java8] INFO  o.e.m.c.i.e.AbstractTransferListenerAdapter - Downloaded https://repo.maven.apache.org/maven2/com/github/luben/zstd-jni/1.5.5-11/zstd-jni-1.5.5-11.pom
2026-01-21 16:13:16,837 [Worker-141: Creating quickstart-java8] INFO  o.e.m.c.i.e.AbstractTransferListenerAdapter - Downloading https://repo.maven.apache.org/maven2/org/codehaus/plexus/plexus-interpolation/1.27/plexus-interpolation-1.27.pom
2026-01-21 16:13:16,873 [Worker-141: Creating quickstart-java8] INFO  o.e.m.c.i.e.AbstractTransferListenerAdapter - Downloaded https://repo.maven.apache.org/maven2/org/codehaus/plexus/plexus-interpolation/1.27/plexus-interpolation-1.27.pom
2026-01-21 16:13:16,934 [Worker-141: Creating quickstart-java8] INFO  o.e.m.c.i.e.AbstractTransferListenerAdapter - Downloading https://repo.maven.apache.org/maven2/org/apache/maven/shared/file-management/3.1.0/file-management-3.1.0.jar
2026-01-21 16:13:17,503 [Worker-141: Creating quickstart-java8] INFO  o.e.m.c.i.e.AbstractTransferListenerAdapter - Downloaded https://repo.maven.apache.org/maven2/org/apache/maven/shared/file-management/3.1.0/file-management-3.1.0.jar
2026-01-21 16:13:17,549 [BasicRepositoryConnector-repo.maven.apache.org-1-3] INFO  o.e.m.c.i.e.AbstractTransferListenerAdapter - Downloading https://repo.maven.apache.org/maven2/org/codehaus/plexus/plexus-utils/4.0.1/plexus-utils-4.0.1.jar
2026-01-21 16:13:17,552 [BasicRepositoryConnector-repo.maven.apache.org-1-4] INFO  o.e.m.c.i.e.AbstractTransferListenerAdapter - Downloading https://repo.maven.apache.org/maven2/org/codehaus/plexus/plexus-archiver/4.9.2/plexus-archiver-4.9.2.jar
2026-01-21 16:13:17,552 [BasicRepositoryConnector-repo.maven.apache.org-1-0] INFO  o.e.m.c.i.e.AbstractTransferListenerAdapter - Downloading https://repo.maven.apache.org/maven2/commons-io/commons-io/2.16.1/commons-io-2.16.1.jar
2026-01-21 16:13:17,554 [BasicRepositoryConnector-repo.maven.apache.org-1-1] INFO  o.e.m.c.i.e.AbstractTransferListenerAdapter - Downloading https://repo.maven.apache.org/maven2/org/apache/maven/maven-archiver/3.6.2/maven-archiver-3.6.2.jar
2026-01-21 16:13:17,567 [BasicRepositoryConnector-repo.maven.apache.org-1-2] INFO  o.e.m.c.i.e.AbstractTransferListenerAdapter - Downloading https://repo.maven.apache.org/maven2/org/codehaus/plexus/plexus-interpolation/1.27/plexus-interpolation-1.27.jar
2026-01-21 16:13:17,657 [BasicRepositoryConnector-repo.maven.apache.org-1-4] INFO  o.e.m.c.i.e.AbstractTransferListenerAdapter - Downloaded https://repo.maven.apache.org/maven2/org/codehaus/plexus/plexus-archiver/4.9.2/plexus-archiver-4.9.2.jar
2026-01-21 16:13:17,695 [BasicRepositoryConnector-repo.maven.apache.org-1-2] INFO  o.e.m.c.i.e.AbstractTransferListenerAdapter - Downloaded https://repo.maven.apache.org/maven2/org/codehaus/plexus/plexus-interpolation/1.27/plexus-interpolation-1.27.jar
2026-01-21 16:13:17,700 [BasicRepositoryConnector-repo.maven.apache.org-1-3] INFO  o.e.m.c.i.e.AbstractTransferListenerAdapter - Downloaded https://repo.maven.apache.org/maven2/org/codehaus/plexus/plexus-utils/4.0.1/plexus-utils-4.0.1.jar
2026-01-21 16:13:17,743 [BasicRepositoryConnector-repo.maven.apache.org-1-0] INFO  o.e.m.c.i.e.AbstractTransferListenerAdapter - Downloaded https://repo.maven.apache.org/maven2/commons-io/commons-io/2.16.1/commons-io-2.16.1.jar
2026-01-21 16:13:17,743 [BasicRepositoryConnector-repo.maven.apache.org-1-2] INFO  o.e.m.c.i.e.AbstractTransferListenerAdapter - Downloading https://repo.maven.apache.org/maven2/org/apache/commons/commons-compress/1.26.1/commons-compress-1.26.1.jar
2026-01-21 16:13:17,744 [BasicRepositoryConnector-repo.maven.apache.org-1-4] INFO  o.e.m.c.i.e.AbstractTransferListenerAdapter - Downloading https://repo.maven.apache.org/maven2/org/codehaus/plexus/plexus-io/3.4.2/plexus-io-3.4.2.jar
2026-01-21 16:13:17,761 [BasicRepositoryConnector-repo.maven.apache.org-1-3] INFO  o.e.m.c.i.e.AbstractTransferListenerAdapter - Downloading https://repo.maven.apache.org/maven2/org/apache/commons/commons-lang3/3.14.0/commons-lang3-3.14.0.jar
2026-01-21 16:13:17,846 [BasicRepositoryConnector-repo.maven.apache.org-1-0] INFO  o.e.m.c.i.e.AbstractTransferListenerAdapter - Downloading https://repo.maven.apache.org/maven2/commons-codec/commons-codec/1.16.1/commons-codec-1.16.1.jar
2026-01-21 16:13:17,866 [BasicRepositoryConnector-repo.maven.apache.org-1-4] INFO  o.e.m.c.i.e.AbstractTransferListenerAdapter - Downloaded https://repo.maven.apache.org/maven2/org/codehaus/plexus/plexus-io/3.4.2/plexus-io-3.4.2.jar
2026-01-21 16:13:17,906 [BasicRepositoryConnector-repo.maven.apache.org-1-4] INFO  o.e.m.c.i.e.AbstractTransferListenerAdapter - Downloading https://repo.maven.apache.org/maven2/org/iq80/snappy/snappy/0.4/snappy-0.4.jar
2026-01-21 16:13:17,907 [BasicRepositoryConnector-repo.maven.apache.org-1-1] INFO  o.e.m.c.i.e.AbstractTransferListenerAdapter - Downloaded https://repo.maven.apache.org/maven2/org/apache/maven/maven-archiver/3.6.2/maven-archiver-3.6.2.jar
2026-01-21 16:13:17,907 [BasicRepositoryConnector-repo.maven.apache.org-1-3] INFO  o.e.m.c.i.e.AbstractTransferListenerAdapter - Downloaded https://repo.maven.apache.org/maven2/org/apache/commons/commons-lang3/3.14.0/commons-lang3-3.14.0.jar
2026-01-21 16:13:17,939 [BasicRepositoryConnector-repo.maven.apache.org-1-1] INFO  o.e.m.c.i.e.AbstractTransferListenerAdapter - Downloading https://repo.maven.apache.org/maven2/com/github/luben/zstd-jni/1.5.5-11/zstd-jni-1.5.5-11.jar
2026-01-21 16:13:17,939 [BasicRepositoryConnector-repo.maven.apache.org-1-3] INFO  o.e.m.c.i.e.AbstractTransferListenerAdapter - Downloading https://repo.maven.apache.org/maven2/org/tukaani/xz/1.9/xz-1.9.jar
2026-01-21 16:13:17,947 [BasicRepositoryConnector-repo.maven.apache.org-1-0] INFO  o.e.m.c.i.e.AbstractTransferListenerAdapter - Downloaded https://repo.maven.apache.org/maven2/commons-codec/commons-codec/1.16.1/commons-codec-1.16.1.jar
2026-01-21 16:13:17,966 [BasicRepositoryConnector-repo.maven.apache.org-1-2] INFO  o.e.m.c.i.e.AbstractTransferListenerAdapter - Downloaded https://repo.maven.apache.org/maven2/org/apache/commons/commons-compress/1.26.1/commons-compress-1.26.1.jar
2026-01-21 16:13:17,970 [BasicRepositoryConnector-repo.maven.apache.org-1-4] INFO  o.e.m.c.i.e.AbstractTransferListenerAdapter - Downloaded https://repo.maven.apache.org/maven2/org/iq80/snappy/snappy/0.4/snappy-0.4.jar
2026-01-21 16:13:17,993 [BasicRepositoryConnector-repo.maven.apache.org-1-3] INFO  o.e.m.c.i.e.AbstractTransferListenerAdapter - Downloaded https://repo.maven.apache.org/maven2/org/tukaani/xz/1.9/xz-1.9.jar
2026-01-21 16:13:18,674 [BasicRepositoryConnector-repo.maven.apache.org-1-1] INFO  o.e.m.c.i.e.AbstractTransferListenerAdapter - Downloaded https://repo.maven.apache.org/maven2/com/github/luben/zstd-jni/1.5.5-11/zstd-jni-1.5.5-11.jar
2026-01-21 16:13:19,532 [Worker-141: Creating quickstart-java8] INFO  o.e.m.c.i.e.AbstractTransferListenerAdapter - Downloading https://repo.maven.apache.org/maven2/org/codehaus/plexus/plexus-interpolation/1.26/plexus-interpolation-1.26.pom
2026-01-21 16:13:19,580 [Worker-141: Creating quickstart-java8] INFO  o.e.m.c.i.e.AbstractTransferListenerAdapter - Downloaded https://repo.maven.apache.org/maven2/org/codehaus/plexus/plexus-interpolation/1.26/plexus-interpolation-1.26.pom
2026-01-21 16:13:19,614 [Worker-141: Creating quickstart-java8] INFO  o.e.m.c.i.e.AbstractTransferListenerAdapter - Downloading https://repo.maven.apache.org/maven2/org/codehaus/plexus/plexus/5.1/plexus-5.1.pom
2026-01-21 16:13:19,668 [Worker-141: Creating quickstart-java8] INFO  o.e.m.c.i.e.AbstractTransferListenerAdapter - Downloaded https://repo.maven.apache.org/maven2/org/codehaus/plexus/plexus/5.1/plexus-5.1.pom
2026-01-21 16:13:19,723 [Worker-141: Creating quickstart-java8] INFO  o.e.m.c.i.e.AbstractTransferListenerAdapter - Downloading https://repo.maven.apache.org/maven2/org/codehaus/plexus/plexus-utils/3.5.1/plexus-utils-3.5.1.pom
2026-01-21 16:13:19,784 [Worker-141: Creating quickstart-java8] INFO  o.e.m.c.i.e.AbstractTransferListenerAdapter - Downloaded https://repo.maven.apache.org/maven2/org/codehaus/plexus/plexus-utils/3.5.1/plexus-utils-3.5.1.pom
2026-01-21 16:13:19,832 [Worker-141: Creating quickstart-java8] INFO  o.e.m.c.i.e.AbstractTransferListenerAdapter - Downloading https://repo.maven.apache.org/maven2/org/codehaus/plexus/plexus/10/plexus-10.pom
2026-01-21 16:13:19,891 [Worker-141: Creating quickstart-java8] INFO  o.e.m.c.i.e.AbstractTransferListenerAdapter - Downloaded https://repo.maven.apache.org/maven2/org/codehaus/plexus/plexus/10/plexus-10.pom
2026-01-21 16:13:19,942 [Worker-141: Creating quickstart-java8] INFO  o.e.m.c.i.e.AbstractTransferListenerAdapter - Downloading https://repo.maven.apache.org/maven2/org/apache/maven/shared/maven-filtering/3.3.1/maven-filtering-3.3.1.pom
2026-01-21 16:13:19,987 [Worker-141: Creating quickstart-java8] INFO  o.e.m.c.i.e.AbstractTransferListenerAdapter - Downloaded https://repo.maven.apache.org/maven2/org/apache/maven/shared/maven-filtering/3.3.1/maven-filtering-3.3.1.pom
2026-01-21 16:13:20,021 [Worker-141: Creating quickstart-java8] INFO  o.e.m.c.i.e.AbstractTransferListenerAdapter - Downloading https://repo.maven.apache.org/maven2/org/sonatype/plexus/plexus-build-api/0.0.7/plexus-build-api-0.0.7.pom
2026-01-21 16:13:20,066 [Worker-141: Creating quickstart-java8] INFO  o.e.m.c.i.e.AbstractTransferListenerAdapter - Downloaded https://repo.maven.apache.org/maven2/org/sonatype/plexus/plexus-build-api/0.0.7/plexus-build-api-0.0.7.pom
2026-01-21 16:13:20,128 [Worker-141: Creating quickstart-java8] INFO  o.e.m.c.i.e.AbstractTransferListenerAdapter - Downloading https://repo.maven.apache.org/maven2/org/sonatype/spice/spice-parent/15/spice-parent-15.pom
2026-01-21 16:13:20,205 [Worker-141: Creating quickstart-java8] INFO  o.e.m.c.i.e.AbstractTransferListenerAdapter - Downloaded https://repo.maven.apache.org/maven2/org/sonatype/spice/spice-parent/15/spice-parent-15.pom
2026-01-21 16:13:20,250 [Worker-141: Creating quickstart-java8] INFO  o.e.m.c.i.e.AbstractTransferListenerAdapter - Downloading https://repo.maven.apache.org/maven2/org/sonatype/forge/forge-parent/5/forge-parent-5.pom
2026-01-21 16:13:20,304 [Worker-141: Creating quickstart-java8] INFO  o.e.m.c.i.e.AbstractTransferListenerAdapter - Downloaded https://repo.maven.apache.org/maven2/org/sonatype/forge/forge-parent/5/forge-parent-5.pom
2026-01-21 16:13:20,352 [Worker-141: Creating quickstart-java8] INFO  o.e.m.c.i.e.AbstractTransferListenerAdapter - Downloading https://repo.maven.apache.org/maven2/org/codehaus/plexus/plexus-utils/3.5.0/plexus-utils-3.5.0.pom
2026-01-21 16:13:20,396 [Worker-141: Creating quickstart-java8] INFO  o.e.m.c.i.e.AbstractTransferListenerAdapter - Downloaded https://repo.maven.apache.org/maven2/org/codehaus/plexus/plexus-utils/3.5.0/plexus-utils-3.5.0.pom
2026-01-21 16:13:20,445 [Worker-141: Creating quickstart-java8] INFO  o.e.m.c.i.e.AbstractTransferListenerAdapter - Downloading https://repo.maven.apache.org/maven2/org/apache/commons/commons-lang3/3.12.0/commons-lang3-3.12.0.pom
2026-01-21 16:13:20,500 [Worker-141: Creating quickstart-java8] INFO  o.e.m.c.i.e.AbstractTransferListenerAdapter - Downloaded https://repo.maven.apache.org/maven2/org/apache/commons/commons-lang3/3.12.0/commons-lang3-3.12.0.pom
2026-01-21 16:13:20,559 [Worker-141: Creating quickstart-java8] INFO  o.e.m.c.i.e.AbstractTransferListenerAdapter - Downloading https://repo.maven.apache.org/maven2/org/junit/junit-bom/5.7.1/junit-bom-5.7.1.pom
2026-01-21 16:13:20,607 [Worker-141: Creating quickstart-java8] INFO  o.e.m.c.i.e.AbstractTransferListenerAdapter - Downloaded https://repo.maven.apache.org/maven2/org/junit/junit-bom/5.7.1/junit-bom-5.7.1.pom
2026-01-21 16:13:20,645 [Worker-141: Creating quickstart-java8] INFO  o.e.m.c.i.e.AbstractTransferListenerAdapter - Downloading https://repo.maven.apache.org/maven2/org/codehaus/plexus/plexus-interpolation/1.26/plexus-interpolation-1.26.jar
2026-01-21 16:13:20,701 [Worker-141: Creating quickstart-java8] INFO  o.e.m.c.i.e.AbstractTransferListenerAdapter - Downloaded https://repo.maven.apache.org/maven2/org/codehaus/plexus/plexus-interpolation/1.26/plexus-interpolation-1.26.jar
2026-01-21 16:13:20,728 [BasicRepositoryConnector-repo.maven.apache.org-2-0] INFO  o.e.m.c.i.e.AbstractTransferListenerAdapter - Downloading https://repo.maven.apache.org/maven2/org/codehaus/plexus/plexus-utils/3.5.1/plexus-utils-3.5.1.jar
2026-01-21 16:13:20,739 [BasicRepositoryConnector-repo.maven.apache.org-2-2] INFO  o.e.m.c.i.e.AbstractTransferListenerAdapter - Downloading https://repo.maven.apache.org/maven2/org/sonatype/plexus/plexus-build-api/0.0.7/plexus-build-api-0.0.7.jar
2026-01-21 16:13:20,739 [BasicRepositoryConnector-repo.maven.apache.org-2-3] INFO  o.e.m.c.i.e.AbstractTransferListenerAdapter - Downloading https://repo.maven.apache.org/maven2/org/apache/commons/commons-lang3/3.12.0/commons-lang3-3.12.0.jar
2026-01-21 16:13:20,742 [BasicRepositoryConnector-repo.maven.apache.org-2-1] INFO  o.e.m.c.i.e.AbstractTransferListenerAdapter - Downloading https://repo.maven.apache.org/maven2/org/apache/maven/shared/maven-filtering/3.3.1/maven-filtering-3.3.1.jar
2026-01-21 16:13:20,797 [BasicRepositoryConnector-repo.maven.apache.org-2-0] INFO  o.e.m.c.i.e.AbstractTransferListenerAdapter - Downloaded https://repo.maven.apache.org/maven2/org/codehaus/plexus/plexus-utils/3.5.1/plexus-utils-3.5.1.jar
2026-01-21 16:13:20,816 [BasicRepositoryConnector-repo.maven.apache.org-2-1] INFO  o.e.m.c.i.e.AbstractTransferListenerAdapter - Downloaded https://repo.maven.apache.org/maven2/org/apache/maven/shared/maven-filtering/3.3.1/maven-filtering-3.3.1.jar
2026-01-21 16:13:20,835 [BasicRepositoryConnector-repo.maven.apache.org-2-3] INFO  o.e.m.c.i.e.AbstractTransferListenerAdapter - Downloaded https://repo.maven.apache.org/maven2/org/apache/commons/commons-lang3/3.12.0/commons-lang3-3.12.0.jar
2026-01-21 16:13:20,994 [BasicRepositoryConnector-repo.maven.apache.org-2-2] INFO  o.e.m.c.i.e.AbstractTransferListenerAdapter - Downloaded https://repo.maven.apache.org/maven2/org/sonatype/plexus/plexus-build-api/0.0.7/plexus-build-api-0.0.7.jar
2026-01-21 16:13:21,069 [Worker-141: Creating quickstart-java8] INFO  o.e.m.j.i.AbstractJavaProjectConfigurator - Adding source folder /classobjects/src/main/java
2026-01-21 16:13:21,074 [Worker-141: Creating quickstart-java8] INFO  o.e.m.j.i.AbstractJavaProjectConfigurator - Adding resource folder /classobjects/src/main/resources
2026-01-21 16:13:21,095 [Worker-141: Creating quickstart-java8] INFO  o.e.m.j.i.AbstractJavaProjectConfigurator - Adding source folder /classobjects/src/test/java
2026-01-21 16:13:21,097 [Worker-141: Creating quickstart-java8] INFO  o.e.m.j.i.AbstractJavaProjectConfigurator - Adding resource folder /classobjects/src/test/resources
2026-01-21 16:13:22,355 [Worker-141: Creating quickstart-java8] WARN  o.apache.maven.project.MavenProject - Direct modification of compileSourceRoots through clear() is deprecated and will not work in Maven 4.0.0. Please use the add/remove methods instead. If you're using a plugin that causes this warning, please upgrade to the latest version and report an issue if the warning persists. To disable these warnings, set -Dmaven.project.sourceRoots.warningsDisabled=true on the command line, in the .mvn/maven.config file, or in project POM properties.
2026-01-21 16:13:22,357 [Worker-141: Creating quickstart-java8] WARN  o.apache.maven.project.MavenProject - Direct modification of compileSourceRoots through add() is deprecated and will not work in Maven 4.0.0. Please use the add/remove methods instead. If you're using a plugin that causes this warning, please upgrade to the latest version and report an issue if the warning persists. To disable these warnings, set -Dmaven.project.sourceRoots.warningsDisabled=true on the command line, in the .mvn/maven.config file, or in project POM properties.
2026-01-21 16:13:22,357 [Worker-141: Creating quickstart-java8] WARN  o.apache.maven.project.MavenProject - Direct modification of testCompileSourceRoots through clear() is deprecated and will not work in Maven 4.0.0. Please use the add/remove methods instead. If you're using a plugin that causes this warning, please upgrade to the latest version and report an issue if the warning persists. To disable these warnings, set -Dmaven.project.sourceRoots.warningsDisabled=true on the command line, in the .mvn/maven.config file, or in project POM properties.
2026-01-21 16:13:22,358 [Worker-141: Creating quickstart-java8] WARN  o.apache.maven.project.MavenProject - Direct modification of testCompileSourceRoots through add() is deprecated and will not work in Maven 4.0.0. Please use the add/remove methods instead. If you're using a plugin that causes this warning, please upgrade to the latest version and report an issue if the warning persists. To disable these warnings, set -Dmaven.project.sourceRoots.warningsDisabled=true on the command line, in the .mvn/maven.config file, or in project POM properties.
2026-01-21 16:13:22,389 [Worker-141: Creating quickstart-java8] INFO  o.e.m.c.i.p.ProjectConfigurationManager - Imported and configured 1 project(s) in 17 sec
2026-01-21 16:13:22,680 [Worker-140: Building] INFO  o.a.m.s.f.DefaultMavenResourcesFiltering - Copying 0 resource from src\main\resources to target\classes
2026-01-21 16:13:22,684 [Worker-140: Building] INFO  o.a.m.s.f.DefaultMavenResourcesFiltering - skip non existing resourceDirectory C:\YaswanthArrepu\eclipse-workspace\classobjects\src\test\resources
2026-01-21 16:13:23,004 [Worker-140: Building] WARN  o.apache.maven.project.MavenProject - Direct modification of compileSourceRoots through clear() is deprecated and will not work in Maven 4.0.0. Please use the add/remove methods instead. If you're using a plugin that causes this warning, please upgrade to the latest version and report an issue if the warning persists. To disable these warnings, set -Dmaven.project.sourceRoots.warningsDisabled=true on the command line, in the .mvn/maven.config file, or in project POM properties.
2026-01-21 16:13:23,006 [Worker-140: Building] WARN  o.apache.maven.project.MavenProject - Direct modification of compileSourceRoots through add() is deprecated and will not work in Maven 4.0.0. Please use the add/remove methods instead. If you're using a plugin that causes this warning, please upgrade to the latest version and report an issue if the warning persists. To disable these warnings, set -Dmaven.project.sourceRoots.warningsDisabled=true on the command line, in the .mvn/maven.config file, or in project POM properties.
2026-01-21 16:13:23,007 [Worker-140: Building] WARN  o.apache.maven.project.MavenProject - Direct modification of testCompileSourceRoots through clear() is deprecated and will not work in Maven 4.0.0. Please use the add/remove methods instead. If you're using a plugin that causes this warning, please upgrade to the latest version and report an issue if the warning persists. To disable these warnings, set -Dmaven.project.sourceRoots.warningsDisabled=true on the command line, in the .mvn/maven.config file, or in project POM properties.
2026-01-21 16:13:23,008 [Worker-140: Building] WARN  o.apache.maven.project.MavenProject - Direct modification of testCompileSourceRoots through add() is deprecated and will not work in Maven 4.0.0. Please use the add/remove methods instead. If you're using a plugin that causes this warning, please upgrade to the latest version and report an issue if the warning persists. To disable these warnings, set -Dmaven.project.sourceRoots.warningsDisabled=true on the command line, in the .mvn/maven.config file, or in project POM properties.
2026-01-21 16:26:56,306 [Worker-151: Building] INFO  o.a.m.s.f.DefaultMavenResourcesFiltering - Copying 0 resource from src\main\resources to target\classes
2026-01-21 16:26:56,311 [Worker-151: Building] INFO  o.a.m.s.f.DefaultMavenResourcesFiltering - skip non existing resourceDirectory C:\YaswanthArrepu\eclipse-workspace\classobjects\src\test\resources
2026-01-21 16:26:56,313 [Worker-151: Building] WARN  o.apache.maven.project.MavenProject - Direct modification of compileSourceRoots through clear() is deprecated and will not work in Maven 4.0.0. Please use the add/remove methods instead. If you're using a plugin that causes this warning, please upgrade to the latest version and report an issue if the warning persists. To disable these warnings, set -Dmaven.project.sourceRoots.warningsDisabled=true on the command line, in the .mvn/maven.config file, or in project POM properties.
2026-01-21 16:26:56,314 [Worker-151: Building] WARN  o.apache.maven.project.MavenProject - Direct modification of compileSourceRoots through add() is deprecated and will not work in Maven 4.0.0. Please use the add/remove methods instead. If you're using a plugin that causes this warning, please upgrade to the latest version and report an issue if the warning persists. To disable these warnings, set -Dmaven.project.sourceRoots.warningsDisabled=true on the command line, in the .mvn/maven.config file, or in project POM properties.
2026-01-21 16:26:56,315 [Worker-151: Building] WARN  o.apache.maven.project.MavenProject - Direct modification of testCompileSourceRoots through clear() is deprecated and will not work in Maven 4.0.0. Please use the add/remove methods instead. If you're using a plugin that causes this warning, please upgrade to the latest version and report an issue if the warning persists. To disable these warnings, set -Dmaven.project.sourceRoots.warningsDisabled=true on the command line, in the .mvn/maven.config file, or in project POM properties.
2026-01-21 16:26:56,315 [Worker-151: Building] WARN  o.apache.maven.project.MavenProject - Direct modification of testCompileSourceRoots through add() is deprecated and will not work in Maven 4.0.0. Please use the add/remove methods instead. If you're using a plugin that causes this warning, please upgrade to the latest version and report an issue if the warning persists. To disable these warnings, set -Dmaven.project.sourceRoots.warningsDisabled=true on the command line, in the .mvn/maven.config file, or in project POM properties.
2026-01-21 16:32:53,420 [Worker-160: Building] INFO  o.a.m.s.f.DefaultMavenResourcesFiltering - Copying 0 resource from src\main\resources to target\classes
2026-01-21 16:32:53,423 [Worker-160: Building] INFO  o.a.m.s.f.DefaultMavenResourcesFiltering - skip non existing resourceDirectory C:\YaswanthArrepu\eclipse-workspace\classobjects\src\test\resources
2026-01-21 16:32:53,423 [Worker-160: Building] WARN  o.apache.maven.project.MavenProject - Direct modification of compileSourceRoots through clear() is deprecated and will not work in Maven 4.0.0. Please use the add/remove methods instead. If you're using a plugin that causes this warning, please upgrade to the latest version and report an issue if the warning persists. To disable these warnings, set -Dmaven.project.sourceRoots.warningsDisabled=true on the command line, in the .mvn/maven.config file, or in project POM properties.
2026-01-21 16:32:53,424 [Worker-160: Building] WARN  o.apache.maven.project.MavenProject - Direct modification of compileSourceRoots through add() is deprecated and will not work in Maven 4.0.0. Please use the add/remove methods instead. If you're using a plugin that causes this warning, please upgrade to the latest version and report an issue if the warning persists. To disable these warnings, set -Dmaven.project.sourceRoots.warningsDisabled=true on the command line, in the .mvn/maven.config file, or in project POM properties.
2026-01-21 16:32:53,424 [Worker-160: Building] WARN  o.apache.maven.project.MavenProject - Direct modification of testCompileSourceRoots through clear() is deprecated and will not work in Maven 4.0.0. Please use the add/remove methods instead. If you're using a plugin that causes this warning, please upgrade to the latest version and report an issue if the warning persists. To disable these warnings, set -Dmaven.project.sourceRoots.warningsDisabled=true on the command line, in the .mvn/maven.config file, or in project POM properties.
2026-01-21 16:32:53,425 [Worker-160: Building] WARN  o.apache.maven.project.MavenProject - Direct modification of testCompileSourceRoots through add() is deprecated and will not work in Maven 4.0.0. Please use the add/remove methods instead. If you're using a plugin that causes this warning, please upgrade to the latest version and report an issue if the warning persists. To disable these warnings, set -Dmaven.project.sourceRoots.warningsDisabled=true on the command line, in the .mvn/maven.config file, or in project POM properties.
2026-01-21 16:33:30,024 [Worker-156: Building] INFO  o.a.m.s.f.DefaultMavenResourcesFiltering - Copying 0 resource from src\main\resources to target\classes
2026-01-21 16:33:30,026 [Worker-156: Building] INFO  o.a.m.s.f.DefaultMavenResourcesFiltering - skip non existing resourceDirectory C:\YaswanthArrepu\eclipse-workspace\classobjects\src\test\resources
2026-01-21 16:33:30,057 [Worker-156: Building] WARN  o.apache.maven.project.MavenProject - Direct modification of compileSourceRoots through clear() is deprecated and will not work in Maven 4.0.0. Please use the add/remove methods instead. If you're using a plugin that causes this warning, please upgrade to the latest version and report an issue if the warning persists. To disable these warnings, set -Dmaven.project.sourceRoots.warningsDisabled=true on the command line, in the .mvn/maven.config file, or in project POM properties.
2026-01-21 16:33:30,058 [Worker-156: Building] WARN  o.apache.maven.project.MavenProject - Direct modification of compileSourceRoots through add() is deprecated and will not work in Maven 4.0.0. Please use the add/remove methods instead. If you're using a plugin that causes this warning, please upgrade to the latest version and report an issue if the warning persists. To disable these warnings, set -Dmaven.project.sourceRoots.warningsDisabled=true on the command line, in the .mvn/maven.config file, or in project POM properties.
2026-01-21 16:33:30,058 [Worker-156: Building] WARN  o.apache.maven.project.MavenProject - Direct modification of testCompileSourceRoots through clear() is deprecated and will not work in Maven 4.0.0. Please use the add/remove methods instead. If you're using a plugin that causes this warning, please upgrade to the latest version and report an issue if the warning persists. To disable these warnings, set -Dmaven.project.sourceRoots.warningsDisabled=true on the command line, in the .mvn/maven.config file, or in project POM properties.
2026-01-21 16:33:30,059 [Worker-156: Building] WARN  o.apache.maven.project.MavenProject - Direct modification of testCompileSourceRoots through add() is deprecated and will not work in Maven 4.0.0. Please use the add/remove methods instead. If you're using a plugin that causes this warning, please upgrade to the latest version and report an issue if the warning persists. To disable these warnings, set -Dmaven.project.sourceRoots.warningsDisabled=true on the command line, in the .mvn/maven.config file, or in project POM properties.
2026-01-21 16:33:46,047 [Worker-160: Building] INFO  o.a.m.s.f.DefaultMavenResourcesFiltering - Copying 0 resource from src\main\resources to target\classes
2026-01-21 16:33:46,050 [Worker-160: Building] INFO  o.a.m.s.f.DefaultMavenResourcesFiltering - skip non existing resourceDirectory C:\YaswanthArrepu\eclipse-workspace\classobjects\src\test\resources
2026-01-21 16:33:46,050 [Worker-160: Building] WARN  o.apache.maven.project.MavenProject - Direct modification of compileSourceRoots through clear() is deprecated and will not work in Maven 4.0.0. Please use the add/remove methods instead. If you're using a plugin that causes this warning, please upgrade to the latest version and report an issue if the warning persists. To disable these warnings, set -Dmaven.project.sourceRoots.warningsDisabled=true on the command line, in the .mvn/maven.config file, or in project POM properties.
2026-01-21 16:33:46,051 [Worker-160: Building] WARN  o.apache.maven.project.MavenProject - Direct modification of compileSourceRoots through add() is deprecated and will not work in Maven 4.0.0. Please use the add/remove methods instead. If you're using a plugin that causes this warning, please upgrade to the latest version and report an issue if the warning persists. To disable these warnings, set -Dmaven.project.sourceRoots.warningsDisabled=true on the command line, in the .mvn/maven.config file, or in project POM properties.
2026-01-21 16:33:46,052 [Worker-160: Building] WARN  o.apache.maven.project.MavenProject - Direct modification of testCompileSourceRoots through clear() is deprecated and will not work in Maven 4.0.0. Please use the add/remove methods instead. If you're using a plugin that causes this warning, please upgrade to the latest version and report an issue if the warning persists. To disable these warnings, set -Dmaven.project.sourceRoots.warningsDisabled=true on the command line, in the .mvn/maven.config file, or in project POM properties.
2026-01-21 16:33:46,053 [Worker-160: Building] WARN  o.apache.maven.project.MavenProject - Direct modification of testCompileSourceRoots through add() is deprecated and will not work in Maven 4.0.0. Please use the add/remove methods instead. If you're using a plugin that causes this warning, please upgrade to the latest version and report an issue if the warning persists. To disable these warnings, set -Dmaven.project.sourceRoots.warningsDisabled=true on the command line, in the .mvn/maven.config file, or in project POM properties.
2026-01-21 16:35:30,447 [Worker-152: Building] INFO  o.a.m.s.f.DefaultMavenResourcesFiltering - Copying 0 resource from src\main\resources to target\classes
2026-01-21 16:35:30,451 [Worker-152: Building] INFO  o.a.m.s.f.DefaultMavenResourcesFiltering - skip non existing resourceDirectory C:\YaswanthArrepu\eclipse-workspace\classobjects\src\test\resources
2026-01-21 16:35:30,452 [Worker-152: Building] WARN  o.apache.maven.project.MavenProject - Direct modification of compileSourceRoots through clear() is deprecated and will not work in Maven 4.0.0. Please use the add/remove methods instead. If you're using a plugin that causes this warning, please upgrade to the latest version and report an issue if the warning persists. To disable these warnings, set -Dmaven.project.sourceRoots.warningsDisabled=true on the command line, in the .mvn/maven.config file, or in project POM properties.
2026-01-21 16:35:30,453 [Worker-152: Building] WARN  o.apache.maven.project.MavenProject - Direct modification of compileSourceRoots through add() is deprecated and will not work in Maven 4.0.0. Please use the add/remove methods instead. If you're using a plugin that causes this warning, please upgrade to the latest version and report an issue if the warning persists. To disable these warnings, set -Dmaven.project.sourceRoots.warningsDisabled=true on the command line, in the .mvn/maven.config file, or in project POM properties.
2026-01-21 16:35:30,454 [Worker-152: Building] WARN  o.apache.maven.project.MavenProject - Direct modification of testCompileSourceRoots through clear() is deprecated and will not work in Maven 4.0.0. Please use the add/remove methods instead. If you're using a plugin that causes this warning, please upgrade to the latest version and report an issue if the warning persists. To disable these warnings, set -Dmaven.project.sourceRoots.warningsDisabled=true on the command line, in the .mvn/maven.config file, or in project POM properties.
2026-01-21 16:35:30,455 [Worker-152: Building] WARN  o.apache.maven.project.MavenProject - Direct modification of testCompileSourceRoots through add() is deprecated and will not work in Maven 4.0.0. Please use the add/remove methods instead. If you're using a plugin that causes this warning, please upgrade to the latest version and report an issue if the warning persists. To disable these warnings, set -Dmaven.project.sourceRoots.warningsDisabled=true on the command line, in the .mvn/maven.config file, or in project POM properties.
2026-01-21 16:35:44,637 [Worker-159: Building] INFO  o.a.m.s.f.DefaultMavenResourcesFiltering - Copying 0 resource from src\main\resources to target\classes
2026-01-21 16:35:44,640 [Worker-159: Building] INFO  o.a.m.s.f.DefaultMavenResourcesFiltering - skip non existing resourceDirectory C:\YaswanthArrepu\eclipse-workspace\classobjects\src\test\resources
2026-01-21 16:35:44,656 [Worker-159: Building] WARN  o.apache.maven.project.MavenProject - Direct modification of compileSourceRoots through clear() is deprecated and will not work in Maven 4.0.0. Please use the add/remove methods instead. If you're using a plugin that causes this warning, please upgrade to the latest version and report an issue if the warning persists. To disable these warnings, set -Dmaven.project.sourceRoots.warningsDisabled=true on the command line, in the .mvn/maven.config file, or in project POM properties.
2026-01-21 16:35:44,657 [Worker-159: Building] WARN  o.apache.maven.project.MavenProject - Direct modification of compileSourceRoots through add() is deprecated and will not work in Maven 4.0.0. Please use the add/remove methods instead. If you're using a plugin that causes this warning, please upgrade to the latest version and report an issue if the warning persists. To disable these warnings, set -Dmaven.project.sourceRoots.warningsDisabled=true on the command line, in the .mvn/maven.config file, or in project POM properties.
2026-01-21 16:35:44,658 [Worker-159: Building] WARN  o.apache.maven.project.MavenProject - Direct modification of testCompileSourceRoots through clear() is deprecated and will not work in Maven 4.0.0. Please use the add/remove methods instead. If you're using a plugin that causes this warning, please upgrade to the latest version and report an issue if the warning persists. To disable these warnings, set -Dmaven.project.sourceRoots.warningsDisabled=true on the command line, in the .mvn/maven.config file, or in project POM properties.
2026-01-21 16:35:44,660 [Worker-159: Building] WARN  o.apache.maven.project.MavenProject - Direct modification of testCompileSourceRoots through add() is deprecated and will not work in Maven 4.0.0. Please use the add/remove methods instead. If you're using a plugin that causes this warning, please upgrade to the latest version and report an issue if the warning persists. To disable these warnings, set -Dmaven.project.sourceRoots.warningsDisabled=true on the command line, in the .mvn/maven.config file, or in project POM properties.
2026-01-21 16:37:24,143 [Worker-152: Building] INFO  o.a.m.s.f.DefaultMavenResourcesFiltering - Copying 0 resource from src\main\resources to target\classes
2026-01-21 16:37:24,148 [Worker-152: Building] INFO  o.a.m.s.f.DefaultMavenResourcesFiltering - skip non existing resourceDirectory C:\YaswanthArrepu\eclipse-workspace\classobjects\src\test\resources
2026-01-21 16:37:24,161 [Worker-152: Building] WARN  o.apache.maven.project.MavenProject - Direct modification of compileSourceRoots through clear() is deprecated and will not work in Maven 4.0.0. Please use the add/remove methods instead. If you're using a plugin that causes this warning, please upgrade to the latest version and report an issue if the warning persists. To disable these warnings, set -Dmaven.project.sourceRoots.warningsDisabled=true on the command line, in the .mvn/maven.config file, or in project POM properties.
2026-01-21 16:37:24,161 [Worker-152: Building] WARN  o.apache.maven.project.MavenProject - Direct modification of compileSourceRoots through add() is deprecated and will not work in Maven 4.0.0. Please use the add/remove methods instead. If you're using a plugin that causes this warning, please upgrade to the latest version and report an issue if the warning persists. To disable these warnings, set -Dmaven.project.sourceRoots.warningsDisabled=true on the command line, in the .mvn/maven.config file, or in project POM properties.
2026-01-21 16:37:24,162 [Worker-152: Building] WARN  o.apache.maven.project.MavenProject - Direct modification of testCompileSourceRoots through clear() is deprecated and will not work in Maven 4.0.0. Please use the add/remove methods instead. If you're using a plugin that causes this warning, please upgrade to the latest version and report an issue if the warning persists. To disable these warnings, set -Dmaven.project.sourceRoots.warningsDisabled=true on the command line, in the .mvn/maven.config file, or in project POM properties.
2026-01-21 16:37:24,163 [Worker-152: Building] WARN  o.apache.maven.project.MavenProject - Direct modification of testCompileSourceRoots through add() is deprecated and will not work in Maven 4.0.0. Please use the add/remove methods instead. If you're using a plugin that causes this warning, please upgrade to the latest version and report an issue if the warning persists. To disable these warnings, set -Dmaven.project.sourceRoots.warningsDisabled=true on the command line, in the .mvn/maven.config file, or in project POM properties.
2026-01-21 16:40:48,595 [Worker-158: Building] INFO  o.a.m.s.f.DefaultMavenResourcesFiltering - Copying 0 resource from src\main\resources to target\classes
2026-01-21 16:40:48,597 [Worker-158: Building] INFO  o.a.m.s.f.DefaultMavenResourcesFiltering - skip non existing resourceDirectory C:\YaswanthArrepu\eclipse-workspace\classobjects\src\test\resources
2026-01-21 16:40:48,597 [Worker-158: Building] WARN  o.apache.maven.project.MavenProject - Direct modification of compileSourceRoots through clear() is deprecated and will not work in Maven 4.0.0. Please use the add/remove methods instead. If you're using a plugin that causes this warning, please upgrade to the latest version and report an issue if the warning persists. To disable these warnings, set -Dmaven.project.sourceRoots.warningsDisabled=true on the command line, in the .mvn/maven.config file, or in project POM properties.
2026-01-21 16:40:48,598 [Worker-158: Building] WARN  o.apache.maven.project.MavenProject - Direct modification of compileSourceRoots through add() is deprecated and will not work in Maven 4.0.0. Please use the add/remove methods instead. If you're using a plugin that causes this warning, please upgrade to the latest version and report an issue if the warning persists. To disable these warnings, set -Dmaven.project.sourceRoots.warningsDisabled=true on the command line, in the .mvn/maven.config file, or in project POM properties.
2026-01-21 16:40:48,599 [Worker-158: Building] WARN  o.apache.maven.project.MavenProject - Direct modification of testCompileSourceRoots through clear() is deprecated and will not work in Maven 4.0.0. Please use the add/remove methods instead. If you're using a plugin that causes this warning, please upgrade to the latest version and report an issue if the warning persists. To disable these warnings, set -Dmaven.project.sourceRoots.warningsDisabled=true on the command line, in the .mvn/maven.config file, or in project POM properties.
2026-01-21 16:40:48,599 [Worker-158: Building] WARN  o.apache.maven.project.MavenProject - Direct modification of testCompileSourceRoots through add() is deprecated and will not work in Maven 4.0.0. Please use the add/remove methods instead. If you're using a plugin that causes this warning, please upgrade to the latest version and report an issue if the warning persists. To disable these warnings, set -Dmaven.project.sourceRoots.warningsDisabled=true on the command line, in the .mvn/maven.config file, or in project POM properties.
2026-01-21 16:41:35,823 [Worker-161: Building] INFO  o.a.m.s.f.DefaultMavenResourcesFiltering - Copying 0 resource from src\main\resources to target\classes
2026-01-21 16:41:35,825 [Worker-161: Building] INFO  o.a.m.s.f.DefaultMavenResourcesFiltering - skip non existing resourceDirectory C:\YaswanthArrepu\eclipse-workspace\classobjects\src\test\resources
2026-01-21 16:41:35,825 [Worker-161: Building] WARN  o.apache.maven.project.MavenProject - Direct modification of compileSourceRoots through clear() is deprecated and will not work in Maven 4.0.0. Please use the add/remove methods instead. If you're using a plugin that causes this warning, please upgrade to the latest version and report an issue if the warning persists. To disable these warnings, set -Dmaven.project.sourceRoots.warningsDisabled=true on the command line, in the .mvn/maven.config file, or in project POM properties.
2026-01-21 16:41:35,826 [Worker-161: Building] WARN  o.apache.maven.project.MavenProject - Direct modification of compileSourceRoots through add() is deprecated and will not work in Maven 4.0.0. Please use the add/remove methods instead. If you're using a plugin that causes this warning, please upgrade to the latest version and report an issue if the warning persists. To disable these warnings, set -Dmaven.project.sourceRoots.warningsDisabled=true on the command line, in the .mvn/maven.config file, or in project POM properties.
2026-01-21 16:41:35,827 [Worker-161: Building] WARN  o.apache.maven.project.MavenProject - Direct modification of testCompileSourceRoots through clear() is deprecated and will not work in Maven 4.0.0. Please use the add/remove methods instead. If you're using a plugin that causes this warning, please upgrade to the latest version and report an issue if the warning persists. To disable these warnings, set -Dmaven.project.sourceRoots.warningsDisabled=true on the command line, in the .mvn/maven.config file, or in project POM properties.
2026-01-21 16:41:35,829 [Worker-161: Building] WARN  o.apache.maven.project.MavenProject - Direct modification of testCompileSourceRoots through add() is deprecated and will not work in Maven 4.0.0. Please use the add/remove methods instead. If you're using a plugin that causes this warning, please upgrade to the latest version and report an issue if the warning persists. To disable these warnings, set -Dmaven.project.sourceRoots.warningsDisabled=true on the command line, in the .mvn/maven.config file, or in project POM properties.
2026-01-21 16:42:06,942 [Worker-152: Building] INFO  o.a.m.s.f.DefaultMavenResourcesFiltering - Copying 0 resource from src\main\resources to target\classes
2026-01-21 16:42:06,946 [Worker-152: Building] INFO  o.a.m.s.f.DefaultMavenResourcesFiltering - skip non existing resourceDirectory C:\YaswanthArrepu\eclipse-workspace\classobjects\src\test\resources
2026-01-21 16:42:06,947 [Worker-152: Building] WARN  o.apache.maven.project.MavenProject - Direct modification of compileSourceRoots through clear() is deprecated and will not work in Maven 4.0.0. Please use the add/remove methods instead. If you're using a plugin that causes this warning, please upgrade to the latest version and report an issue if the warning persists. To disable these warnings, set -Dmaven.project.sourceRoots.warningsDisabled=true on the command line, in the .mvn/maven.config file, or in project POM properties.
2026-01-21 16:42:06,948 [Worker-152: Building] WARN  o.apache.maven.project.MavenProject - Direct modification of compileSourceRoots through add() is deprecated and will not work in Maven 4.0.0. Please use the add/remove methods instead. If you're using a plugin that causes this warning, please upgrade to the latest version and report an issue if the warning persists. To disable these warnings, set -Dmaven.project.sourceRoots.warningsDisabled=true on the command line, in the .mvn/maven.config file, or in project POM properties.
2026-01-21 16:42:06,949 [Worker-152: Building] WARN  o.apache.maven.project.MavenProject - Direct modification of testCompileSourceRoots through clear() is deprecated and will not work in Maven 4.0.0. Please use the add/remove methods instead. If you're using a plugin that causes this warning, please upgrade to the latest version and report an issue if the warning persists. To disable these warnings, set -Dmaven.project.sourceRoots.warningsDisabled=true on the command line, in the .mvn/maven.config file, or in project POM properties.
2026-01-21 16:42:06,950 [Worker-152: Building] WARN  o.apache.maven.project.MavenProject - Direct modification of testCompileSourceRoots through add() is deprecated and will not work in Maven 4.0.0. Please use the add/remove methods instead. If you're using a plugin that causes this warning, please upgrade to the latest version and report an issue if the warning persists. To disable these warnings, set -Dmaven.project.sourceRoots.warningsDisabled=true on the command line, in the .mvn/maven.config file, or in project POM properties.
2026-01-21 16:43:24,036 [Worker-160: Building] INFO  o.a.m.s.f.DefaultMavenResourcesFiltering - Copying 0 resource from src\main\resources to target\classes
2026-01-21 16:43:24,038 [Worker-160: Building] INFO  o.a.m.s.f.DefaultMavenResourcesFiltering - skip non existing resourceDirectory C:\YaswanthArrepu\eclipse-workspace\classobjects\src\test\resources
2026-01-21 16:43:24,038 [Worker-160: Building] WARN  o.apache.maven.project.MavenProject - Direct modification of compileSourceRoots through clear() is deprecated and will not work in Maven 4.0.0. Please use the add/remove methods instead. If you're using a plugin that causes this warning, please upgrade to the latest version and report an issue if the warning persists. To disable these warnings, set -Dmaven.project.sourceRoots.warningsDisabled=true on the command line, in the .mvn/maven.config file, or in project POM properties.
2026-01-21 16:43:24,039 [Worker-160: Building] WARN  o.apache.maven.project.MavenProject - Direct modification of compileSourceRoots through add() is deprecated and will not work in Maven 4.0.0. Please use the add/remove methods instead. If you're using a plugin that causes this warning, please upgrade to the latest version and report an issue if the warning persists. To disable these warnings, set -Dmaven.project.sourceRoots.warningsDisabled=true on the command line, in the .mvn/maven.config file, or in project POM properties.
2026-01-21 16:43:24,040 [Worker-160: Building] WARN  o.apache.maven.project.MavenProject - Direct modification of testCompileSourceRoots through clear() is deprecated and will not work in Maven 4.0.0. Please use the add/remove methods instead. If you're using a plugin that causes this warning, please upgrade to the latest version and report an issue if the warning persists. To disable these warnings, set -Dmaven.project.sourceRoots.warningsDisabled=true on the command line, in the .mvn/maven.config file, or in project POM properties.
2026-01-21 16:43:24,040 [Worker-160: Building] WARN  o.apache.maven.project.MavenProject - Direct modification of testCompileSourceRoots through add() is deprecated and will not work in Maven 4.0.0. Please use the add/remove methods instead. If you're using a plugin that causes this warning, please upgrade to the latest version and report an issue if the warning persists. To disable these warnings, set -Dmaven.project.sourceRoots.warningsDisabled=true on the command line, in the .mvn/maven.config file, or in project POM properties.
2026-01-21 16:43:52,498 [Worker-152: Building] INFO  o.a.m.s.f.DefaultMavenResourcesFiltering - Copying 0 resource from src\main\resources to target\classes
2026-01-21 16:43:52,500 [Worker-152: Building] INFO  o.a.m.s.f.DefaultMavenResourcesFiltering - skip non existing resourceDirectory C:\YaswanthArrepu\eclipse-workspace\classobjects\src\test\resources
2026-01-21 16:43:52,500 [Worker-152: Building] WARN  o.apache.maven.project.MavenProject - Direct modification of compileSourceRoots through clear() is deprecated and will not work in Maven 4.0.0. Please use the add/remove methods instead. If you're using a plugin that causes this warning, please upgrade to the latest version and report an issue if the warning persists. To disable these warnings, set -Dmaven.project.sourceRoots.warningsDisabled=true on the command line, in the .mvn/maven.config file, or in project POM properties.
2026-01-21 16:43:52,500 [Worker-152: Building] WARN  o.apache.maven.project.MavenProject - Direct modification of compileSourceRoots through add() is deprecated and will not work in Maven 4.0.0. Please use the add/remove methods instead. If you're using a plugin that causes this warning, please upgrade to the latest version and report an issue if the warning persists. To disable these warnings, set -Dmaven.project.sourceRoots.warningsDisabled=true on the command line, in the .mvn/maven.config file, or in project POM properties.
2026-01-21 16:43:52,501 [Worker-152: Building] WARN  o.apache.maven.project.MavenProject - Direct modification of testCompileSourceRoots through clear() is deprecated and will not work in Maven 4.0.0. Please use the add/remove methods instead. If you're using a plugin that causes this warning, please upgrade to the latest version and report an issue if the warning persists. To disable these warnings, set -Dmaven.project.sourceRoots.warningsDisabled=true on the command line, in the .mvn/maven.config file, or in project POM properties.
2026-01-21 16:43:52,501 [Worker-152: Building] WARN  o.apache.maven.project.MavenProject - Direct modification of testCompileSourceRoots through add() is deprecated and will not work in Maven 4.0.0. Please use the add/remove methods instead. If you're using a plugin that causes this warning, please upgrade to the latest version and report an issue if the warning persists. To disable these warnings, set -Dmaven.project.sourceRoots.warningsDisabled=true on the command line, in the .mvn/maven.config file, or in project POM properties.
2026-01-21 16:44:07,028 [Worker-158: Building] INFO  o.a.m.s.f.DefaultMavenResourcesFiltering - Copying 0 resource from src\main\resources to target\classes
2026-01-21 16:44:07,032 [Worker-158: Building] INFO  o.a.m.s.f.DefaultMavenResourcesFiltering - skip non existing resourceDirectory C:\YaswanthArrepu\eclipse-workspace\classobjects\src\test\resources
2026-01-21 16:44:07,033 [Worker-158: Building] WARN  o.apache.maven.project.MavenProject - Direct modification of compileSourceRoots through clear() is deprecated and will not work in Maven 4.0.0. Please use the add/remove methods instead. If you're using a plugin that causes this warning, please upgrade to the latest version and report an issue if the warning persists. To disable these warnings, set -Dmaven.project.sourceRoots.warningsDisabled=true on the command line, in the .mvn/maven.config file, or in project POM properties.
2026-01-21 16:44:07,036 [Worker-158: Building] WARN  o.apache.maven.project.MavenProject - Direct modification of compileSourceRoots through add() is deprecated and will not work in Maven 4.0.0. Please use the add/remove methods instead. If you're using a plugin that causes this warning, please upgrade to the latest version and report an issue if the warning persists. To disable these warnings, set -Dmaven.project.sourceRoots.warningsDisabled=true on the command line, in the .mvn/maven.config file, or in project POM properties.
2026-01-21 16:44:07,037 [Worker-158: Building] WARN  o.apache.maven.project.MavenProject - Direct modification of testCompileSourceRoots through clear() is deprecated and will not work in Maven 4.0.0. Please use the add/remove methods instead. If you're using a plugin that causes this warning, please upgrade to the latest version and report an issue if the warning persists. To disable these warnings, set -Dmaven.project.sourceRoots.warningsDisabled=true on the command line, in the .mvn/maven.config file, or in project POM properties.
2026-01-21 16:44:07,039 [Worker-158: Building] WARN  o.apache.maven.project.MavenProject - Direct modification of testCompileSourceRoots through add() is deprecated and will not work in Maven 4.0.0. Please use the add/remove methods instead. If you're using a plugin that causes this warning, please upgrade to the latest version and report an issue if the warning persists. To disable these warnings, set -Dmaven.project.sourceRoots.warningsDisabled=true on the command line, in the .mvn/maven.config file, or in project POM properties.
2026-01-21 16:46:33,302 [Worker-162: Launching Application] INFO  o.a.m.s.f.DefaultMavenResourcesFiltering - Copying 0 resource from src\main\resources to target\classes
2026-01-21 16:46:33,306 [Worker-162: Launching Application] INFO  o.a.m.s.f.DefaultMavenResourcesFiltering - skip non existing resourceDirectory C:\YaswanthArrepu\eclipse-workspace\classobjects\src\test\resources
2026-01-21 16:46:33,307 [Worker-162: Launching Application] WARN  o.apache.maven.project.MavenProject - Direct modification of compileSourceRoots through clear() is deprecated and will not work in Maven 4.0.0. Please use the add/remove methods instead. If you're using a plugin that causes this warning, please upgrade to the latest version and report an issue if the warning persists. To disable these warnings, set -Dmaven.project.sourceRoots.warningsDisabled=true on the command line, in the .mvn/maven.config file, or in project POM properties.
2026-01-21 16:46:33,308 [Worker-162: Launching Application] WARN  o.apache.maven.project.MavenProject - Direct modification of compileSourceRoots through add() is deprecated and will not work in Maven 4.0.0. Please use the add/remove methods instead. If you're using a plugin that causes this warning, please upgrade to the latest version and report an issue if the warning persists. To disable these warnings, set -Dmaven.project.sourceRoots.warningsDisabled=true on the command line, in the .mvn/maven.config file, or in project POM properties.
2026-01-21 16:46:33,309 [Worker-162: Launching Application] WARN  o.apache.maven.project.MavenProject - Direct modification of testCompileSourceRoots through clear() is deprecated and will not work in Maven 4.0.0. Please use the add/remove methods instead. If you're using a plugin that causes this warning, please upgrade to the latest version and report an issue if the warning persists. To disable these warnings, set -Dmaven.project.sourceRoots.warningsDisabled=true on the command line, in the .mvn/maven.config file, or in project POM properties.
2026-01-21 16:46:33,310 [Worker-162: Launching Application] WARN  o.apache.maven.project.MavenProject - Direct modification of testCompileSourceRoots through add() is deprecated and will not work in Maven 4.0.0. Please use the add/remove methods instead. If you're using a plugin that causes this warning, please upgrade to the latest version and report an issue if the warning persists. To disable these warnings, set -Dmaven.project.sourceRoots.warningsDisabled=true on the command line, in the .mvn/maven.config file, or in project POM properties.
2026-01-21 16:48:26,980 [Worker-152: Building] INFO  o.a.m.s.f.DefaultMavenResourcesFiltering - Copying 0 resource from src\main\resources to target\classes
2026-01-21 16:48:26,981 [Worker-152: Building] INFO  o.a.m.s.f.DefaultMavenResourcesFiltering - skip non existing resourceDirectory C:\YaswanthArrepu\eclipse-workspace\classobjects\src\test\resources
2026-01-21 16:48:26,982 [Worker-152: Building] WARN  o.apache.maven.project.MavenProject - Direct modification of compileSourceRoots through clear() is deprecated and will not work in Maven 4.0.0. Please use the add/remove methods instead. If you're using a plugin that causes this warning, please upgrade to the latest version and report an issue if the warning persists. To disable these warnings, set -Dmaven.project.sourceRoots.warningsDisabled=true on the command line, in the .mvn/maven.config file, or in project POM properties.
2026-01-21 16:48:26,983 [Worker-152: Building] WARN  o.apache.maven.project.MavenProject - Direct modification of compileSourceRoots through add() is deprecated and will not work in Maven 4.0.0. Please use the add/remove methods instead. If you're using a plugin that causes this warning, please upgrade to the latest version and report an issue if the warning persists. To disable these warnings, set -Dmaven.project.sourceRoots.warningsDisabled=true on the command line, in the .mvn/maven.config file, or in project POM properties.
2026-01-21 16:48:26,983 [Worker-152: Building] WARN  o.apache.maven.project.MavenProject - Direct modification of testCompileSourceRoots through clear() is deprecated and will not work in Maven 4.0.0. Please use the add/remove methods instead. If you're using a plugin that causes this warning, please upgrade to the latest version and report an issue if the warning persists. To disable these warnings, set -Dmaven.project.sourceRoots.warningsDisabled=true on the command line, in the .mvn/maven.config file, or in project POM properties.
2026-01-21 16:48:26,983 [Worker-152: Building] WARN  o.apache.maven.project.MavenProject - Direct modification of testCompileSourceRoots through add() is deprecated and will not work in Maven 4.0.0. Please use the add/remove methods instead. If you're using a plugin that causes this warning, please upgrade to the latest version and report an issue if the warning persists. To disable these warnings, set -Dmaven.project.sourceRoots.warningsDisabled=true on the command line, in the .mvn/maven.config file, or in project POM properties.
2026-01-21 16:50:44,128 [Worker-159: Building] INFO  o.a.m.s.f.DefaultMavenResourcesFiltering - Copying 0 resource from src\main\resources to target\classes
2026-01-21 16:50:44,130 [Worker-159: Building] INFO  o.a.m.s.f.DefaultMavenResourcesFiltering - skip non existing resourceDirectory C:\YaswanthArrepu\eclipse-workspace\classobjects\src\test\resources
2026-01-21 16:50:44,130 [Worker-159: Building] WARN  o.apache.maven.project.MavenProject - Direct modification of compileSourceRoots through clear() is deprecated and will not work in Maven 4.0.0. Please use the add/remove methods instead. If you're using a plugin that causes this warning, please upgrade to the latest version and report an issue if the warning persists. To disable these warnings, set -Dmaven.project.sourceRoots.warningsDisabled=true on the command line, in the .mvn/maven.config file, or in project POM properties.
2026-01-21 16:50:44,131 [Worker-159: Building] WARN  o.apache.maven.project.MavenProject - Direct modification of compileSourceRoots through add() is deprecated and will not work in Maven 4.0.0. Please use the add/remove methods instead. If you're using a plugin that causes this warning, please upgrade to the latest version and report an issue if the warning persists. To disable these warnings, set -Dmaven.project.sourceRoots.warningsDisabled=true on the command line, in the .mvn/maven.config file, or in project POM properties.
2026-01-21 16:50:44,131 [Worker-159: Building] WARN  o.apache.maven.project.MavenProject - Direct modification of testCompileSourceRoots through clear() is deprecated and will not work in Maven 4.0.0. Please use the add/remove methods instead. If you're using a plugin that causes this warning, please upgrade to the latest version and report an issue if the warning persists. To disable these warnings, set -Dmaven.project.sourceRoots.warningsDisabled=true on the command line, in the .mvn/maven.config file, or in project POM properties.
2026-01-21 16:50:44,132 [Worker-159: Building] WARN  o.apache.maven.project.MavenProject - Direct modification of testCompileSourceRoots through add() is deprecated and will not work in Maven 4.0.0. Please use the add/remove methods instead. If you're using a plugin that causes this warning, please upgrade to the latest version and report an issue if the warning persists. To disable these warnings, set -Dmaven.project.sourceRoots.warningsDisabled=true on the command line, in the .mvn/maven.config file, or in project POM properties.
2026-01-21 20:53:37,371 [Worker-1: Loading available Gradle versions] INFO  o.e.b.c.i.u.g.PublishedGradleVersions - Gradle version information cache is up-to-date. Trying to read.
2026-01-22 08:56:30,667 [Worker-7: Loading available Gradle versions] INFO  o.e.b.c.i.u.g.PublishedGradleVersions - Gradle version information cache is up-to-date. Trying to read.
2026-01-22 09:37:46,529 [Worker-32: Loading available Gradle versions] INFO  o.e.b.c.i.u.g.PublishedGradleVersions - Gradle version information cache is up-to-date. Trying to read.
2026-01-22 10:10:55,235 [Worker-7: Loading available Gradle versions] INFO  o.e.b.c.i.u.g.PublishedGradleVersions - Gradle version information cache is up-to-date. Trying to read.
2026-01-22 10:11:47,304 [Worker-1: Launching mavenrun-f375d147-5ca6-45fa-b887-cd203a06f88b] INFO  o.eclipse.m2e.core.internal.Bundles - getClasspathEntries(Bundle=org.eclipse.m2e.maven.runtime_3.9.1101.20251020-1549 [649])
2026-01-22 10:11:47,308 [Worker-1: Launching mavenrun-f375d147-5ca6-45fa-b887-cd203a06f88b] INFO  o.eclipse.m2e.core.internal.Bundles - 	Entry: C:\Yaswanth_Arrepu\Softwares\eclipse\plugins\org.eclipse.m2e.maven.runtime_3.9.1101.20251020-1549
2026-01-22 10:11:47,309 [Worker-1: Launching mavenrun-f375d147-5ca6-45fa-b887-cd203a06f88b] INFO  o.eclipse.m2e.core.internal.Bundles - 	Entry: C:\Yaswanth_Arrepu\Softwares\eclipse\plugins\org.eclipse.m2e.maven.runtime_3.9.1101.20251020-1549\jars\aopalliance-1.0.jar
2026-01-22 10:11:47,309 [Worker-1: Launching mavenrun-f375d147-5ca6-45fa-b887-cd203a06f88b] INFO  o.eclipse.m2e.core.internal.Bundles - 	Entry: C:\Yaswanth_Arrepu\Softwares\eclipse\plugins\org.eclipse.m2e.maven.runtime_3.9.1101.20251020-1549\jars\asm-9.8.jar
2026-01-22 10:11:47,309 [Worker-1: Launching mavenrun-f375d147-5ca6-45fa-b887-cd203a06f88b] INFO  o.eclipse.m2e.core.internal.Bundles - 	Entry: C:\Yaswanth_Arrepu\Softwares\eclipse\plugins\org.eclipse.m2e.maven.runtime_3.9.1101.20251020-1549\jars\error_prone_annotations-2.38.0.jar
2026-01-22 10:11:47,309 [Worker-1: Launching mavenrun-f375d147-5ca6-45fa-b887-cd203a06f88b] INFO  o.eclipse.m2e.core.internal.Bundles - 	Entry: C:\Yaswanth_Arrepu\Softwares\eclipse\plugins\org.eclipse.m2e.maven.runtime_3.9.1101.20251020-1549\jars\gson-2.13.1.jar
2026-01-22 10:11:47,309 [Worker-1: Launching mavenrun-f375d147-5ca6-45fa-b887-cd203a06f88b] INFO  o.eclipse.m2e.core.internal.Bundles - 	Entry: C:\Yaswanth_Arrepu\Softwares\eclipse\plugins\org.eclipse.m2e.maven.runtime_3.9.1101.20251020-1549\jars\guice-5.1.0-classes.jar
2026-01-22 10:11:47,310 [Worker-1: Launching mavenrun-f375d147-5ca6-45fa-b887-cd203a06f88b] INFO  o.eclipse.m2e.core.internal.Bundles - 	Entry: C:\Yaswanth_Arrepu\Softwares\eclipse\plugins\org.eclipse.m2e.maven.runtime_3.9.1101.20251020-1549\jars\httpclient-4.5.14.jar
2026-01-22 10:11:47,310 [Worker-1: Launching mavenrun-f375d147-5ca6-45fa-b887-cd203a06f88b] INFO  o.eclipse.m2e.core.internal.Bundles - 	Entry: C:\Yaswanth_Arrepu\Softwares\eclipse\plugins\org.eclipse.m2e.maven.runtime_3.9.1101.20251020-1549\jars\httpcore-4.4.16.jar
2026-01-22 10:11:47,311 [Worker-1: Launching mavenrun-f375d147-5ca6-45fa-b887-cd203a06f88b] INFO  o.eclipse.m2e.core.internal.Bundles - 	Entry: C:\Yaswanth_Arrepu\Softwares\eclipse\plugins\org.eclipse.m2e.maven.runtime_3.9.1101.20251020-1549\jars\jansi-2.4.2.jar
2026-01-22 10:11:47,311 [Worker-1: Launching mavenrun-f375d147-5ca6-45fa-b887-cd203a06f88b] INFO  o.eclipse.m2e.core.internal.Bundles - 	Entry: C:\Yaswanth_Arrepu\Softwares\eclipse\plugins\org.eclipse.m2e.maven.runtime_3.9.1101.20251020-1549\jars\jcl-over-slf4j-1.7.36.jar
2026-01-22 10:11:47,312 [Worker-1: Launching mavenrun-f375d147-5ca6-45fa-b887-cd203a06f88b] INFO  o.eclipse.m2e.core.internal.Bundles - 	Entry: C:\Yaswanth_Arrepu\Softwares\eclipse\plugins\org.eclipse.m2e.maven.runtime_3.9.1101.20251020-1549\jars\maven-artifact-3.9.11.jar
2026-01-22 10:11:47,313 [Worker-1: Launching mavenrun-f375d147-5ca6-45fa-b887-cd203a06f88b] INFO  o.eclipse.m2e.core.internal.Bundles - 	Entry: C:\Yaswanth_Arrepu\Softwares\eclipse\plugins\org.eclipse.m2e.maven.runtime_3.9.1101.20251020-1549\jars\maven-builder-support-3.9.11.jar
2026-01-22 10:11:47,314 [Worker-1: Launching mavenrun-f375d147-5ca6-45fa-b887-cd203a06f88b] INFO  o.eclipse.m2e.core.internal.Bundles - 	Entry: C:\Yaswanth_Arrepu\Softwares\eclipse\plugins\org.eclipse.m2e.maven.runtime_3.9.1101.20251020-1549\jars\maven-compat-3.9.11.jar
2026-01-22 10:11:47,315 [Worker-1: Launching mavenrun-f375d147-5ca6-45fa-b887-cd203a06f88b] INFO  o.eclipse.m2e.core.internal.Bundles - 	Entry: C:\Yaswanth_Arrepu\Softwares\eclipse\plugins\org.eclipse.m2e.maven.runtime_3.9.1101.20251020-1549\jars\maven-core-3.9.11.jar
2026-01-22 10:11:47,316 [Worker-1: Launching mavenrun-f375d147-5ca6-45fa-b887-cd203a06f88b] INFO  o.eclipse.m2e.core.internal.Bundles - 	Entry: C:\Yaswanth_Arrepu\Softwares\eclipse\plugins\org.eclipse.m2e.maven.runtime_3.9.1101.20251020-1549\jars\maven-embedder-3.9.11.jar
2026-01-22 10:11:47,317 [Worker-1: Launching mavenrun-f375d147-5ca6-45fa-b887-cd203a06f88b] INFO  o.eclipse.m2e.core.internal.Bundles - 	Entry: C:\Yaswanth_Arrepu\Softwares\eclipse\plugins\org.eclipse.m2e.maven.runtime_3.9.1101.20251020-1549\jars\maven-model-3.9.11.jar
2026-01-22 10:11:47,317 [Worker-1: Launching mavenrun-f375d147-5ca6-45fa-b887-cd203a06f88b] INFO  o.eclipse.m2e.core.internal.Bundles - 	Entry: C:\Yaswanth_Arrepu\Softwares\eclipse\plugins\org.eclipse.m2e.maven.runtime_3.9.1101.20251020-1549\jars\maven-model-builder-3.9.11.jar
2026-01-22 10:11:47,317 [Worker-1: Launching mavenrun-f375d147-5ca6-45fa-b887-cd203a06f88b] INFO  o.eclipse.m2e.core.internal.Bundles - 	Entry: C:\Yaswanth_Arrepu\Softwares\eclipse\plugins\org.eclipse.m2e.maven.runtime_3.9.1101.20251020-1549\jars\maven-plugin-api-3.9.11.jar
2026-01-22 10:11:47,318 [Worker-1: Launching mavenrun-f375d147-5ca6-45fa-b887-cd203a06f88b] INFO  o.eclipse.m2e.core.internal.Bundles - 	Entry: C:\Yaswanth_Arrepu\Softwares\eclipse\plugins\org.eclipse.m2e.maven.runtime_3.9.1101.20251020-1549\jars\maven-repository-metadata-3.9.11.jar
2026-01-22 10:11:47,318 [Worker-1: Launching mavenrun-f375d147-5ca6-45fa-b887-cd203a06f88b] INFO  o.eclipse.m2e.core.internal.Bundles - 	Entry: C:\Yaswanth_Arrepu\Softwares\eclipse\plugins\org.eclipse.m2e.maven.runtime_3.9.1101.20251020-1549\jars\maven-resolver-api-1.9.24.jar
2026-01-22 10:11:47,319 [Worker-1: Launching mavenrun-f375d147-5ca6-45fa-b887-cd203a06f88b] INFO  o.eclipse.m2e.core.internal.Bundles - 	Entry: C:\Yaswanth_Arrepu\Softwares\eclipse\plugins\org.eclipse.m2e.maven.runtime_3.9.1101.20251020-1549\jars\maven-resolver-connector-basic-1.9.24.jar
2026-01-22 10:11:47,320 [Worker-1: Launching mavenrun-f375d147-5ca6-45fa-b887-cd203a06f88b] INFO  o.eclipse.m2e.core.internal.Bundles - 	Entry: C:\Yaswanth_Arrepu\Softwares\eclipse\plugins\org.eclipse.m2e.maven.runtime_3.9.1101.20251020-1549\jars\maven-resolver-impl-1.9.24.jar
2026-01-22 10:11:47,320 [Worker-1: Launching mavenrun-f375d147-5ca6-45fa-b887-cd203a06f88b] INFO  o.eclipse.m2e.core.internal.Bundles - 	Entry: C:\Yaswanth_Arrepu\Softwares\eclipse\plugins\org.eclipse.m2e.maven.runtime_3.9.1101.20251020-1549\jars\maven-resolver-named-locks-1.9.24.jar
2026-01-22 10:11:47,321 [Worker-1: Launching mavenrun-f375d147-5ca6-45fa-b887-cd203a06f88b] INFO  o.eclipse.m2e.core.internal.Bundles - 	Entry: C:\Yaswanth_Arrepu\Softwares\eclipse\plugins\org.eclipse.m2e.maven.runtime_3.9.1101.20251020-1549\jars\maven-resolver-provider-3.9.11.jar
2026-01-22 10:11:47,321 [Worker-1: Launching mavenrun-f375d147-5ca6-45fa-b887-cd203a06f88b] INFO  o.eclipse.m2e.core.internal.Bundles - 	Entry: C:\Yaswanth_Arrepu\Softwares\eclipse\plugins\org.eclipse.m2e.maven.runtime_3.9.1101.20251020-1549\jars\maven-resolver-spi-1.9.24.jar
2026-01-22 10:11:47,322 [Worker-1: Launching mavenrun-f375d147-5ca6-45fa-b887-cd203a06f88b] INFO  o.eclipse.m2e.core.internal.Bundles - 	Entry: C:\Yaswanth_Arrepu\Softwares\eclipse\plugins\org.eclipse.m2e.maven.runtime_3.9.1101.20251020-1549\jars\maven-resolver-transport-file-1.9.24.jar
2026-01-22 10:11:47,323 [Worker-1: Launching mavenrun-f375d147-5ca6-45fa-b887-cd203a06f88b] INFO  o.eclipse.m2e.core.internal.Bundles - 	Entry: C:\Yaswanth_Arrepu\Softwares\eclipse\plugins\org.eclipse.m2e.maven.runtime_3.9.1101.20251020-1549\jars\maven-resolver-transport-http-1.9.24.jar
2026-01-22 10:11:47,324 [Worker-1: Launching mavenrun-f375d147-5ca6-45fa-b887-cd203a06f88b] INFO  o.eclipse.m2e.core.internal.Bundles - 	Entry: C:\Yaswanth_Arrepu\Softwares\eclipse\plugins\org.eclipse.m2e.maven.runtime_3.9.1101.20251020-1549\jars\maven-resolver-transport-wagon-1.9.24.jar
2026-01-22 10:11:47,324 [Worker-1: Launching mavenrun-f375d147-5ca6-45fa-b887-cd203a06f88b] INFO  o.eclipse.m2e.core.internal.Bundles - 	Entry: C:\Yaswanth_Arrepu\Softwares\eclipse\plugins\org.eclipse.m2e.maven.runtime_3.9.1101.20251020-1549\jars\maven-resolver-util-1.9.24.jar
2026-01-22 10:11:47,324 [Worker-1: Launching mavenrun-f375d147-5ca6-45fa-b887-cd203a06f88b] INFO  o.eclipse.m2e.core.internal.Bundles - 	Entry: C:\Yaswanth_Arrepu\Softwares\eclipse\plugins\org.eclipse.m2e.maven.runtime_3.9.1101.20251020-1549\jars\maven-settings-3.9.11.jar
2026-01-22 10:11:47,324 [Worker-1: Launching mavenrun-f375d147-5ca6-45fa-b887-cd203a06f88b] INFO  o.eclipse.m2e.core.internal.Bundles - 	Entry: C:\Yaswanth_Arrepu\Softwares\eclipse\plugins\org.eclipse.m2e.maven.runtime_3.9.1101.20251020-1549\jars\maven-settings-builder-3.9.11.jar
2026-01-22 10:11:47,324 [Worker-1: Launching mavenrun-f375d147-5ca6-45fa-b887-cd203a06f88b] INFO  o.eclipse.m2e.core.internal.Bundles - 	Entry: C:\Yaswanth_Arrepu\Softwares\eclipse\plugins\org.eclipse.m2e.maven.runtime_3.9.1101.20251020-1549\jars\maven-shared-utils-3.4.2.jar
2026-01-22 10:11:47,324 [Worker-1: Launching mavenrun-f375d147-5ca6-45fa-b887-cd203a06f88b] INFO  o.eclipse.m2e.core.internal.Bundles - 	Entry: C:\Yaswanth_Arrepu\Softwares\eclipse\plugins\org.eclipse.m2e.maven.runtime_3.9.1101.20251020-1549\jars\org.eclipse.sisu.inject-0.9.0.M4.jar
2026-01-22 10:11:47,324 [Worker-1: Launching mavenrun-f375d147-5ca6-45fa-b887-cd203a06f88b] INFO  o.eclipse.m2e.core.internal.Bundles - 	Entry: C:\Yaswanth_Arrepu\Softwares\eclipse\plugins\org.eclipse.m2e.maven.runtime_3.9.1101.20251020-1549\jars\org.eclipse.sisu.plexus-0.9.0.M4.jar
2026-01-22 10:11:47,325 [Worker-1: Launching mavenrun-f375d147-5ca6-45fa-b887-cd203a06f88b] INFO  o.eclipse.m2e.core.internal.Bundles - 	Entry: C:\Yaswanth_Arrepu\Softwares\eclipse\plugins\org.eclipse.m2e.maven.runtime_3.9.1101.20251020-1549\jars\plexus-build-api-0.0.7.jar
2026-01-22 10:11:47,325 [Worker-1: Launching mavenrun-f375d147-5ca6-45fa-b887-cd203a06f88b] INFO  o.eclipse.m2e.core.internal.Bundles - 	Entry: C:\Yaswanth_Arrepu\Softwares\eclipse\plugins\org.eclipse.m2e.maven.runtime_3.9.1101.20251020-1549\jars\plexus-build-api-1.2.0.jar
2026-01-22 10:11:47,325 [Worker-1: Launching mavenrun-f375d147-5ca6-45fa-b887-cd203a06f88b] INFO  o.eclipse.m2e.core.internal.Bundles - 	Entry: C:\Yaswanth_Arrepu\Softwares\eclipse\plugins\org.eclipse.m2e.maven.runtime_3.9.1101.20251020-1549\jars\plexus-cipher-2.0.jar
2026-01-22 10:11:47,325 [Worker-1: Launching mavenrun-f375d147-5ca6-45fa-b887-cd203a06f88b] INFO  o.eclipse.m2e.core.internal.Bundles - 	Entry: C:\Yaswanth_Arrepu\Softwares\eclipse\plugins\org.eclipse.m2e.maven.runtime_3.9.1101.20251020-1549\jars\plexus-classworlds-2.9.0.jar
2026-01-22 10:11:47,325 [Worker-1: Launching mavenrun-f375d147-5ca6-45fa-b887-cd203a06f88b] INFO  o.eclipse.m2e.core.internal.Bundles - 	Entry: C:\Yaswanth_Arrepu\Softwares\eclipse\plugins\org.eclipse.m2e.maven.runtime_3.9.1101.20251020-1549\jars\plexus-component-annotations-2.2.0.jar
2026-01-22 10:11:47,325 [Worker-1: Launching mavenrun-f375d147-5ca6-45fa-b887-cd203a06f88b] INFO  o.eclipse.m2e.core.internal.Bundles - 	Entry: C:\Yaswanth_Arrepu\Softwares\eclipse\plugins\org.eclipse.m2e.maven.runtime_3.9.1101.20251020-1549\jars\plexus-interpolation-1.28.jar
2026-01-22 10:11:47,325 [Worker-1: Launching mavenrun-f375d147-5ca6-45fa-b887-cd203a06f88b] INFO  o.eclipse.m2e.core.internal.Bundles - 	Entry: C:\Yaswanth_Arrepu\Softwares\eclipse\plugins\org.eclipse.m2e.maven.runtime_3.9.1101.20251020-1549\jars\plexus-sec-dispatcher-2.0.jar
2026-01-22 10:11:47,326 [Worker-1: Launching mavenrun-f375d147-5ca6-45fa-b887-cd203a06f88b] INFO  o.eclipse.m2e.core.internal.Bundles - 	Entry: C:\Yaswanth_Arrepu\Softwares\eclipse\plugins\org.eclipse.m2e.maven.runtime_3.9.1101.20251020-1549\jars\plexus-utils-3.6.0.jar
2026-01-22 10:11:47,326 [Worker-1: Launching mavenrun-f375d147-5ca6-45fa-b887-cd203a06f88b] INFO  o.eclipse.m2e.core.internal.Bundles - 	Entry: C:\Yaswanth_Arrepu\Softwares\eclipse\plugins\org.eclipse.m2e.maven.runtime_3.9.1101.20251020-1549\jars\wagon-file-3.5.3.jar
2026-01-22 10:11:47,326 [Worker-1: Launching mavenrun-f375d147-5ca6-45fa-b887-cd203a06f88b] INFO  o.eclipse.m2e.core.internal.Bundles - 	Entry: C:\Yaswanth_Arrepu\Softwares\eclipse\plugins\org.eclipse.m2e.maven.runtime_3.9.1101.20251020-1549\jars\wagon-http-3.5.3.jar
2026-01-22 10:11:47,326 [Worker-1: Launching mavenrun-f375d147-5ca6-45fa-b887-cd203a06f88b] INFO  o.eclipse.m2e.core.internal.Bundles - 	Entry: C:\Yaswanth_Arrepu\Softwares\eclipse\plugins\org.eclipse.m2e.maven.runtime_3.9.1101.20251020-1549\jars\wagon-http-shared-3.5.3.jar
2026-01-22 10:11:47,326 [Worker-1: Launching mavenrun-f375d147-5ca6-45fa-b887-cd203a06f88b] INFO  o.eclipse.m2e.core.internal.Bundles - 	Entry: C:\Yaswanth_Arrepu\Softwares\eclipse\plugins\org.eclipse.m2e.maven.runtime_3.9.1101.20251020-1549\jars\wagon-provider-api-3.5.3.jar
2026-01-22 10:11:47,329 [Worker-1: Launching mavenrun-f375d147-5ca6-45fa-b887-cd203a06f88b] INFO  o.eclipse.m2e.core.internal.Bundles - getClasspathEntries(Bundle=com.google.guava_33.5.0.jre [18])
2026-01-22 10:11:47,329 [Worker-1: Launching mavenrun-f375d147-5ca6-45fa-b887-cd203a06f88b] INFO  o.eclipse.m2e.core.internal.Bundles - 	Entry: C:\Yaswanth_Arrepu\Softwares\eclipse\plugins\com.google.guava_33.5.0.jre.jar
2026-01-22 10:11:47,329 [Worker-1: Launching mavenrun-f375d147-5ca6-45fa-b887-cd203a06f88b] INFO  o.eclipse.m2e.core.internal.Bundles - getClasspathEntries(Bundle=slf4j.api_2.0.17 [1014])
2026-01-22 10:11:47,330 [Worker-1: Launching mavenrun-f375d147-5ca6-45fa-b887-cd203a06f88b] INFO  o.eclipse.m2e.core.internal.Bundles - 	Entry: C:\Yaswanth_Arrepu\Softwares\eclipse\plugins\slf4j.api_2.0.17.jar
2026-01-22 10:11:47,330 [Worker-1: Launching mavenrun-f375d147-5ca6-45fa-b887-cd203a06f88b] INFO  o.eclipse.m2e.core.internal.Bundles - getClasspathEntries(Bundle=jakarta.inject.jakarta.inject-api_1.0.5 [35])
2026-01-22 10:11:47,330 [Worker-1: Launching mavenrun-f375d147-5ca6-45fa-b887-cd203a06f88b] INFO  o.eclipse.m2e.core.internal.Bundles - 	Entry: C:\Yaswanth_Arrepu\Softwares\eclipse\plugins\jakarta.inject.jakarta.inject-api_1.0.5.jar
2026-01-22 10:11:47,330 [Worker-1: Launching mavenrun-f375d147-5ca6-45fa-b887-cd203a06f88b] INFO  o.eclipse.m2e.core.internal.Bundles - getClasspathEntries(Bundle=jakarta.annotation-api_1.3.5 [31])
2026-01-22 10:11:47,330 [Worker-1: Launching mavenrun-f375d147-5ca6-45fa-b887-cd203a06f88b] INFO  o.eclipse.m2e.core.internal.Bundles - 	Entry: C:\Yaswanth_Arrepu\Softwares\eclipse\plugins\jakarta.annotation-api_1.3.5.jar
2026-01-22 10:11:47,330 [Worker-1: Launching mavenrun-f375d147-5ca6-45fa-b887-cd203a06f88b] INFO  o.eclipse.m2e.core.internal.Bundles - getClasspathEntries(Bundle=org.apache.commons.cli_1.11.0 [82])
2026-01-22 10:11:47,330 [Worker-1: Launching mavenrun-f375d147-5ca6-45fa-b887-cd203a06f88b] INFO  o.eclipse.m2e.core.internal.Bundles - 	Entry: C:\Yaswanth_Arrepu\Softwares\eclipse\plugins\org.apache.commons.cli_1.11.0.jar
2026-01-22 10:11:47,330 [Worker-1: Launching mavenrun-f375d147-5ca6-45fa-b887-cd203a06f88b] INFO  o.eclipse.m2e.core.internal.Bundles - getClasspathEntries(Bundle=org.apache.commons.commons-codec_1.20.0 [84])
2026-01-22 10:11:47,331 [Worker-1: Launching mavenrun-f375d147-5ca6-45fa-b887-cd203a06f88b] INFO  o.eclipse.m2e.core.internal.Bundles - 	Entry: C:\Yaswanth_Arrepu\Softwares\eclipse\plugins\org.apache.commons.commons-codec_1.20.0.jar
2026-01-22 10:11:47,331 [Worker-1: Launching mavenrun-f375d147-5ca6-45fa-b887-cd203a06f88b] INFO  o.eclipse.m2e.core.internal.Bundles - getClasspathEntries(Bundle=com.google.guava.failureaccess_1.0.3 [19])
2026-01-22 10:11:47,331 [Worker-1: Launching mavenrun-f375d147-5ca6-45fa-b887-cd203a06f88b] INFO  o.eclipse.m2e.core.internal.Bundles - 	Entry: C:\Yaswanth_Arrepu\Softwares\eclipse\plugins\com.google.guava.failureaccess_1.0.3.jar
2026-01-22 10:11:47,337 [Worker-1: Launching mavenrun-f375d147-5ca6-45fa-b887-cd203a06f88b] INFO  o.e.m.i.launch.MavenLaunchDelegate - Run build in "C:\Users\YASWAN~1\AppData\Local\Temp\m2e-archetypeGenerator17911134362783993396":
2026-01-22 10:11:47,347 [Worker-1: Launching mavenrun-f375d147-5ca6-45fa-b887-cd203a06f88b] INFO  o.e.m.i.launch.MavenLaunchDelegate -  mvn  -DarchetypeGroupId=fr.lteconsulting.archetypes -DarchetypeArtifactId=quickstart-java8 -DarchetypeVersion=1.0 -DgroupId=com.ibm -DartifactId=arrays -Dversion=0.0.1-SNAPSHOT -Dpackage=com.ibm.arrays -DoutputDirectory=C:\YaswanthArrepu\eclipse-workspace -Dstyle.color=always -U archetype:generate
2026-01-22 10:12:01,787 [Worker-31: Creating quickstart-java8] INFO  o.e.m.c.i.p.ProjectConfigurationManager - Collecting project info '/pom.xml' C:\YaswanthArrepu\eclipse-workspace\arrays\pom.xml
2026-01-22 10:12:05,674 [Worker-31: Creating quickstart-java8] INFO  o.e.m.c.i.l.LifecycleMappingFactory - Using org.eclipse.m2e.jdt.JarLifecycleMapping lifecycle mapping for MavenProject: com.ibm:arrays:0.0.1-SNAPSHOT @ C:\YaswanthArrepu\eclipse-workspace\arrays\pom.xml.
2026-01-22 10:12:08,243 [Worker-31: Creating quickstart-java8] INFO  o.e.m.j.i.AbstractJavaProjectConfigurator - Adding source folder /arrays/src/main/java
2026-01-22 10:12:08,245 [Worker-31: Creating quickstart-java8] INFO  o.e.m.j.i.AbstractJavaProjectConfigurator - Adding resource folder /arrays/src/main/resources
2026-01-22 10:12:08,263 [Worker-31: Creating quickstart-java8] INFO  o.e.m.j.i.AbstractJavaProjectConfigurator - Adding source folder /arrays/src/test/java
2026-01-22 10:12:08,265 [Worker-31: Creating quickstart-java8] INFO  o.e.m.j.i.AbstractJavaProjectConfigurator - Adding resource folder /arrays/src/test/resources
2026-01-22 10:12:08,434 [Worker-31: Creating quickstart-java8] WARN  o.apache.maven.project.MavenProject - Direct modification of compileSourceRoots through clear() is deprecated and will not work in Maven 4.0.0. Please use the add/remove methods instead. If you're using a plugin that causes this warning, please upgrade to the latest version and report an issue if the warning persists. To disable these warnings, set -Dmaven.project.sourceRoots.warningsDisabled=true on the command line, in the .mvn/maven.config file, or in project POM properties.
2026-01-22 10:12:08,437 [Worker-31: Creating quickstart-java8] WARN  o.apache.maven.project.MavenProject - Direct modification of compileSourceRoots through add() is deprecated and will not work in Maven 4.0.0. Please use the add/remove methods instead. If you're using a plugin that causes this warning, please upgrade to the latest version and report an issue if the warning persists. To disable these warnings, set -Dmaven.project.sourceRoots.warningsDisabled=true on the command line, in the .mvn/maven.config file, or in project POM properties.
2026-01-22 10:12:08,438 [Worker-31: Creating quickstart-java8] WARN  o.apache.maven.project.MavenProject - Direct modification of testCompileSourceRoots through clear() is deprecated and will not work in Maven 4.0.0. Please use the add/remove methods instead. If you're using a plugin that causes this warning, please upgrade to the latest version and report an issue if the warning persists. To disable these warnings, set -Dmaven.project.sourceRoots.warningsDisabled=true on the command line, in the .mvn/maven.config file, or in project POM properties.
2026-01-22 10:12:08,440 [Worker-31: Creating quickstart-java8] WARN  o.apache.maven.project.MavenProject - Direct modification of testCompileSourceRoots through add() is deprecated and will not work in Maven 4.0.0. Please use the add/remove methods instead. If you're using a plugin that causes this warning, please upgrade to the latest version and report an issue if the warning persists. To disable these warnings, set -Dmaven.project.sourceRoots.warningsDisabled=true on the command line, in the .mvn/maven.config file, or in project POM properties.
2026-01-22 10:12:08,471 [Worker-31: Creating quickstart-java8] INFO  o.e.m.c.i.p.ProjectConfigurationManager - Imported and configured 1 project(s) in 6 sec
2026-01-22 10:12:09,191 [Worker-26: Building] INFO  o.a.m.s.f.DefaultMavenResourcesFiltering - Copying 0 resource from src\main\resources to target\classes
2026-01-22 10:12:09,196 [Worker-26: Building] INFO  o.a.m.s.f.DefaultMavenResourcesFiltering - skip non existing resourceDirectory C:\YaswanthArrepu\eclipse-workspace\arrays\src\test\resources
2026-01-22 10:12:09,464 [Worker-26: Building] WARN  o.apache.maven.project.MavenProject - Direct modification of compileSourceRoots through clear() is deprecated and will not work in Maven 4.0.0. Please use the add/remove methods instead. If you're using a plugin that causes this warning, please upgrade to the latest version and report an issue if the warning persists. To disable these warnings, set -Dmaven.project.sourceRoots.warningsDisabled=true on the command line, in the .mvn/maven.config file, or in project POM properties.
2026-01-22 10:12:09,466 [Worker-26: Building] WARN  o.apache.maven.project.MavenProject - Direct modification of compileSourceRoots through add() is deprecated and will not work in Maven 4.0.0. Please use the add/remove methods instead. If you're using a plugin that causes this warning, please upgrade to the latest version and report an issue if the warning persists. To disable these warnings, set -Dmaven.project.sourceRoots.warningsDisabled=true on the command line, in the .mvn/maven.config file, or in project POM properties.
2026-01-22 10:12:09,468 [Worker-26: Building] WARN  o.apache.maven.project.MavenProject - Direct modification of testCompileSourceRoots through clear() is deprecated and will not work in Maven 4.0.0. Please use the add/remove methods instead. If you're using a plugin that causes this warning, please upgrade to the latest version and report an issue if the warning persists. To disable these warnings, set -Dmaven.project.sourceRoots.warningsDisabled=true on the command line, in the .mvn/maven.config file, or in project POM properties.
2026-01-22 10:12:09,469 [Worker-26: Building] WARN  o.apache.maven.project.MavenProject - Direct modification of testCompileSourceRoots through add() is deprecated and will not work in Maven 4.0.0. Please use the add/remove methods instead. If you're using a plugin that causes this warning, please upgrade to the latest version and report an issue if the warning persists. To disable these warnings, set -Dmaven.project.sourceRoots.warningsDisabled=true on the command line, in the .mvn/maven.config file, or in project POM properties.
2026-01-22 10:12:09,570 [Worker-26: Building] INFO  o.a.m.s.f.DefaultMavenResourcesFiltering - Copying 0 resource from src\main\resources to target\classes
2026-01-22 10:12:09,572 [Worker-26: Building] INFO  o.a.m.s.f.DefaultMavenResourcesFiltering - skip non existing resourceDirectory C:\YaswanthArrepu\eclipse-workspace\classobjects\src\test\resources
2026-01-22 10:12:09,580 [Worker-26: Building] WARN  o.apache.maven.project.MavenProject - Direct modification of compileSourceRoots through clear() is deprecated and will not work in Maven 4.0.0. Please use the add/remove methods instead. If you're using a plugin that causes this warning, please upgrade to the latest version and report an issue if the warning persists. To disable these warnings, set -Dmaven.project.sourceRoots.warningsDisabled=true on the command line, in the .mvn/maven.config file, or in project POM properties.
2026-01-22 10:12:09,581 [Worker-26: Building] WARN  o.apache.maven.project.MavenProject - Direct modification of compileSourceRoots through add() is deprecated and will not work in Maven 4.0.0. Please use the add/remove methods instead. If you're using a plugin that causes this warning, please upgrade to the latest version and report an issue if the warning persists. To disable these warnings, set -Dmaven.project.sourceRoots.warningsDisabled=true on the command line, in the .mvn/maven.config file, or in project POM properties.
2026-01-22 10:12:09,582 [Worker-26: Building] WARN  o.apache.maven.project.MavenProject - Direct modification of testCompileSourceRoots through clear() is deprecated and will not work in Maven 4.0.0. Please use the add/remove methods instead. If you're using a plugin that causes this warning, please upgrade to the latest version and report an issue if the warning persists. To disable these warnings, set -Dmaven.project.sourceRoots.warningsDisabled=true on the command line, in the .mvn/maven.config file, or in project POM properties.
2026-01-22 10:12:09,583 [Worker-26: Building] WARN  o.apache.maven.project.MavenProject - Direct modification of testCompileSourceRoots through add() is deprecated and will not work in Maven 4.0.0. Please use the add/remove methods instead. If you're using a plugin that causes this warning, please upgrade to the latest version and report an issue if the warning persists. To disable these warnings, set -Dmaven.project.sourceRoots.warningsDisabled=true on the command line, in the .mvn/maven.config file, or in project POM properties.
